susceptible_status,exposed_status,infected_status,recovered_status,happiness_happiness,dead,Râ‚€,active_countermeasures
58557,0,1,0,0.0,0,3.54,0.01
58555,2,1,0,0.00019986428268819773,0,3.5141,0.01
58554,3,1,0,0.00034342345155389246,0,3.488459,0.01
58551,6,1,0,0.00043209642218728543,0,3.4630744100000004,0.01
58551,5,2,0,0.0005740913209424229,0,3.4379436659000002,0.01
58547,8,3,0,0.0007321924581916506,0,3.4130642292410003,0.01
58544,9,5,0,0.0009089383862650304,0,3.38843358694859,0.01
58543,9,6,0,0.0010793498372742066,0,3.3640492510791042,0.01
58535,15,8,0,0.0011692776773688197,0,3.3399087585683134,0.01
58528,20,9,1,0.0013261552486767568,0,3.31600967098263,0.01
58521,21,13,3,0.0015265182918143077,0,3.2923495742728037,0.01
58510,29,16,3,0.0016100813787685883,0,3.2689260785300758,0.01
58501,35,19,3,0.0017504756007117718,0,3.245736817744775,0.01
58486,38,29,5,0.001917500685274369,0,3.2227794495673274,0.01
58465,48,37,8,0.0020327774763235535,0,3.200051655071654,0.01
58440,58,48,11,0.0021396426476643173,1,3.1775511385209376,0.01
58405,82,54,16,0.0022961291366115385,1,3.1552756271357283,0.01
58372,93,69,23,0.0024416013355706475,1,3.133222870864371,0.01
58322,122,81,32,0.0026741963605194223,1,3.111390642155727,0.01
58274,143,99,41,0.0028601178786460163,1,3.0897767357341697,0.01
58209,168,130,50,0.0030055693000158503,1,3.068378968376828,0.01
58101,228,156,72,0.0031746323614252224,1,3.04719517869306,0.01
57994,284,198,81,0.0033609274335442757,1,3.0262232269061293,0.01
57861,357,235,104,0.0034790633317104648,1,3.005460994637068,0.01
57710,439,277,131,0.0036398806944916706,1,2.9849063846906976,0.01
57529,500,369,159,0.0038278703883171464,1,2.9645573208437908,0.01
57333,586,439,198,0.003996799922263634,2,2.944411747635353,0.01
57103,671,553,229,0.004142152644017854,2,2.924467630158999,0.01
56812,818,652,274,0.004310587386860443,2,2.904722953857409,0.01
56464,970,782,340,0.004462387608988298,2,2.885175724318835,0.01
56076,1144,920,415,0.004613534614036567,3,2.8658239670756465,0.01
55665,1293,1085,510,0.0048370035688532235,5,2.84666572740489,0.01
55143,1523,1301,586,0.005070585406310677,5,2.827699070130841,0.01
54641,1688,1522,701,0.005232727569897023,6,2.8089220794295326,0.01
53992,1971,1747,842,0.0053651776566175135,6,2.7903328586352374,0.01
53335,2168,2049,998,0.005523742558578609,8,2.771929530048885,0.01
52636,2347,2395,1172,0.005744952674692683,8,2.753710234748396,0.01
51823,2661,2678,1384,0.00589604131286494,12,2.7356731324009123,0.01
50968,2895,3090,1592,0.005943786912819008,13,2.7178164010769033,0.01
50001,3189,3482,1870,0.00605730066131263,16,2.700138237066134,0.01
48983,3439,3966,2154,0.0063265436224763496,16,2.682636854695473,0.01
47867,3754,4450,2469,0.006457465551510224,18,2.665310486148518,0.01
46707,4014,5005,2810,0.006606336895699663,22,2.648157381287033,0.01
45468,4328,5489,3246,0.0067033255830131295,27,2.6311758074741625,0.01
44131,4661,6034,3702,0.006849769879701553,30,2.6143640493994207,0.01
42660,4988,6675,4203,0.007071451322212041,32,2.5977204089054267,0.01
41132,5389,7275,4727,0.0072135209072529145,35,2.5812432048163725,0.01
39509,5814,7835,5359,0.007356432167044704,41,2.564930772768209,0.01
37901,6153,8474,5985,0.007520439275494879,45,2.548781465040527,0.01
36221,6467,9107,6714,0.007618467685369339,49,2.5327936503901216,0.01
34405,6845,9760,7490,0.007748984345959188,58,2.5169657138862203,0.01
32600,7142,10452,8301,0.00793166901536327,63,2.501296056747358,0.01
30674,7478,11170,9166,0.008089760142107114,70,2.485783096179884,0.01
28805,7627,12070,9982,0.008246546225369121,74,2.4704252652180854,0.01
26853,7885,12779,10964,0.008425895309374726,77,2.4552210125659046,0.01
24949,8088,13454,11986,0.008588033392539891,81,2.4401688024402457,0.01
23007,8306,14207,12948,0.008855647947360016,90,2.4252671144158433,0.01
21051,8475,14898,14034,0.008981784407332641,100,2.4105144432716847,0.01
19262,8410,15655,15124,0.009038744342701476,107,2.395909298838968,0.01
17506,8379,16242,16315,0.009184001901077096,116,2.381450205850578,0.01
15909,8123,16887,17518,0.009332206988358181,121,2.3671357037920724,0.01
14301,7982,17327,18818,0.00952820801610772,130,2.3529643467541517,0.01
12875,7692,17733,20120,0.009733776512731215,138,2.3389347032866104,0.01
11587,7319,18012,21494,0.009927715570959098,146,2.325045356253744,0.01
10413,6964,18238,22780,0.01009577238604868,163,2.311294902691207,0.01
9314,6588,18443,24043,0.010332098533382206,170,2.297681953664295,0.01
8333,6282,18361,25408,0.010376929913892113,174,2.284205134127652,0.01
7496,5863,18282,26738,0.010465038931249402,179,2.270863082786376,0.01
6756,5433,18134,28052,0.010622189372370375,183,2.257654451958512,0.01
6113,5070,17908,29273,0.01077410421589786,194,2.2445779074389267,0.01
5537,4660,17677,30486,0.011006318019374866,198,2.2316321283645375,0.01
5066,4228,17331,31722,0.01123809632779569,211,2.218815807080892,0.01
4621,3888,16912,32918,0.011360531049869957,219,2.206127649010083,0.01
4290,3491,16530,34022,0.011600569990104401,225,2.193566372519982,0.01
4003,3157,16032,35136,0.01172256320963365,230,2.1811307087947824,0.01
3754,2875,15509,36181,0.011806876418676714,239,2.1688194017068345,0.01
3545,2615,15020,37131,0.011958278230189311,247,2.1566312076897662,0.01
3383,2298,14476,38144,0.012062082809081385,257,2.1445648956128687,0.01
3232,2105,13850,39101,0.012221279155461418,270,2.13261924665674,0.01
3143,1863,13295,39981,0.0123993086392107,276,2.1207930541901727,0.01
3049,1691,12765,40771,0.012552432156819856,282,2.109085123648271,0.01
2987,1538,12198,41544,0.01269842088723885,291,2.0974942724117884,0.01
2917,1416,11624,42304,0.012786636672645596,297,2.0860193296876703,0.01
2891,1310,10997,43055,0.013006367048918758,305,2.074659136390794,0.01
2878,1214,10434,43720,0.013183366300245256,312,2.063412545026886,0.01
2868,1092,9951,44331,0.013393919706372234,316,2.052278419576617,0.01
2854,1023,9457,44902,0.013560438778542275,322,2.0412556353808506,0.01
2875,941,9042,45375,0.013765109116073166,325,2.030343079027042,0.01
2894,868,8582,45883,0.013865666478119598,331,2.019539648236772,0.01
2931,820,8125,46348,0.014024002214616105,334,2.0088442517544043,0.01
3000,771,7662,46785,0.014094968353674813,340,1.9982558092368603,0.01
3059,727,7249,47179,0.014245501796998553,344,1.9877732511444917,0.01
3094,677,6869,47571,0.014451894676570447,347,1.9773955186330467,0.01
3160,637,6495,47918,0.014611100996466215,348,1.9671215634467163,0.01
3224,590,6131,48263,0.01470824548047273,350,1.9569503478122492,0.01
3300,553,5821,48529,0.01492966485282266,355,1.9468808443341268,0.01
3401,509,5491,48799,0.015097711281383016,358,1.9369120358907854,0.01
3492,483,5234,48991,0.015237713939499216,358,1.9270429155318776,0.01
3596,461,4932,49211,0.015291368411070422,358,1.917272486376559,0.01
3718,439,4702,49339,0.015432429130525682,360,1.9075997615127933,0.01
3814,428,4464,49489,0.01565366046093203,363,1.8980237638976654,0.01
3918,402,4239,49635,0.015857884888578276,364,1.8885435262586887,0.01
4042,361,3987,49799,0.015940378526445153,369,1.8791580909961019,0.01
4151,354,3790,49892,0.016136397158523535,371,1.869866510086141,0.01
4242,366,3576,50001,0.016267670159347474,373,1.8606678449852796,0.01
4388,356,3394,50047,0.01647331590769512,373,1.8515611665354268,0.01
4534,327,3224,50096,0.016682198465005866,377,1.8425455548700724,0.01
4659,314,3066,50141,0.016814037587507664,378,1.8336200993213716,0.01
4775,299,2907,50196,0.01695518589570825,381,1.824783898328158,0.01
4890,296,2750,50239,0.017093006850838578,383,1.8160360593448763,0.01
4999,297,2627,50252,0.017239097630710725,383,1.8073756987514276,0.01
5114,295,2476,50288,0.017360059809163362,385,1.7988019417639134,0.01
5232,275,2373,50290,0.017465396224201627,388,1.7903139223462743,0.01
5361,253,2267,50288,0.01763926708664625,389,1.7819107831228116,0.01
5491,245,2153,50279,0.0177812650838508,390,1.7735916752915835,0.01
5640,241,2058,50229,0.01792123558332193,390,1.7653557585386677,0.01
5778,243,1968,50178,0.01810452766902001,391,1.757202200953281,0.01
5890,226,1907,50141,0.018224235238221906,394,4.562807993114721,0.01
5764,463,1818,50117,0.018422999308443953,396,4.526679913183574,0.01
5705,604,1796,50056,0.01853350648851647,397,4.490913114051738,0.01
5632,721,1790,50018,0.018736208869601405,397,4.45550398291122,0.01
5539,803,1807,50011,0.018843664513233167,398,4.420448943082108,0.01
5491,852,1852,49965,0.019013204345370995,398,4.385744453651287,0.01
5449,908,1884,49919,0.019137755745646943,398,4.351387009114775,0.01
5368,975,1925,49892,0.019233030303444955,398,4.317373139023627,0.01
5312,990,2003,49854,0.019414889548099494,399,4.2836994076333905,0.01
5242,1024,2062,49830,0.019574240543342898,400,4.250362413557057,0.01
5195,1034,2106,49820,0.019788516267444274,403,4.217358789421486,0.01
5126,1063,2158,49807,0.019878024424798475,404,4.184685201527271,0.01
5057,1066,2213,49816,0.020013760760301074,406,4.152338349511998,0.01
5010,1067,2260,49814,0.02016303786765762,407,4.1203149660168785,0.01
4930,1074,2328,49819,0.020352278879385646,407,4.08861181635671,0.01
4881,1064,2374,49832,0.020512600283558412,407,4.057225698193142,0.01
4796,1054,2428,49870,0.020667726425492267,410,4.0261534412112105,0.01
4700,1086,2462,49900,0.02081939843354818,410,3.9953919067990986,0.01
4652,1064,2498,49933,0.02093288271214045,411,3.9649379877311075,0.01
4603,1072,2553,49918,0.021116612483410332,412,3.9347886078537964,0.01
4516,1072,2564,49992,0.021205624833699862,414,3.9049407217752585,0.01
4452,1059,2577,50051,0.021401539115459573,419,3.875391314557506,0.01
4423,1060,2585,50066,0.021528610711802648,424,3.846137401411931,0.01
4381,1036,2600,50113,0.021702740949817573,428,3.8171760273978115,0.01
4350,1068,2592,50120,0.02182438455309433,428,3.7885042671238334,0.01
4357,1045,2608,50120,0.02204842944123394,428,3.760119224452595,0.01
4320,1022,2612,50175,0.022199986971074857,429,3.732018032208069,0.01
4309,992,2643,50184,0.022323172673234054,430,3.7041978518859886,0.01
4308,963,2647,50209,0.022515747491688293,431,3.6766558733671286,0.01
4266,945,2664,50251,0.02265051857754222,432,3.6493893146334573,0.01
4252,958,2622,50294,0.022724577328681887,432,3.6223954214871226,0.01
4229,925,2655,50315,0.02289695526685329,434,3.5956714672722514,0.01
4204,952,2649,50318,0.023026595728752475,435,3.569214752599529,0.01
4209,933,2616,50365,0.02322173221350855,435,3.5430226050735336,0.01
4197,920,2587,50418,0.023436112590605327,436,3.5170923790227984,0.01
4224,897,2567,50430,0.023597126886632923,440,3.49142145523257,0.01
4236,906,2504,50471,0.023792299342742945,441,3.4660072406802445,0.01
4283,867,2470,50495,0.02392304941862206,443,3.440847168273442,0.01
4280,840,2448,50547,0.024076598598029384,443,3.4159386965907075,0.01
4299,823,2407,50583,0.02423509630906234,446,3.3912793096248004,0.01
4304,831,2376,50600,0.0243733427006614,447,3.3668665165285523,0.01
4310,818,2386,50597,0.024504424230565765,447,3.342697851363267,0.01
4350,786,2378,50596,0.024636832057703242,448,3.318770872849634,0.01
4358,758,2364,50629,0.024822165846484622,449,3.295083164121138,0.01
4421,741,2360,50585,0.02496751270089477,451,3.2716323324799266,0.01
4499,697,2342,50569,0.02517169844745029,451,3.2484160091551275,0.01
4575,675,2325,50530,0.025463004337983267,453,3.2254318490635763,0.01
4620,681,2276,50527,0.025669495444367127,454,3.2026775305729407,0.01
4691,667,2204,50540,0.0258226962067588,456,3.1801507552672112,0.01
4715,692,2182,50512,0.026016547773119778,457,3.1578492477145392,0.01
4765,680,2159,50496,0.02614020018813284,458,3.135770755237394,0.01
4842,636,2156,50464,0.0263052683041966,460,3.11391304768502,0.01
4899,621,2153,50424,0.026496101023620718,461,3.09227391720817,0.01
4969,604,2120,50402,0.026649710466199794,463,3.0708511780360883,0.01
5033,580,2097,50384,0.02684786361281743,464,3.0496426662557274,0.01
5054,577,2075,50387,0.026961668431432398,465,3.0286462395931704,0.01
5109,587,2025,50371,0.027068555698355968,466,3.007859777197239,0.01
5152,595,1989,50356,0.027215661761877796,466,2.9872811794252665,0.01
5205,575,1939,50372,0.027394884153926474,467,2.9669083676310137,0.01
5289,573,1900,50327,0.027591231944228328,469,2.9467392839547037,0.01
5344,580,1842,50321,0.02772676532337385,471,2.926771891115157,0.01
5442,578,1837,50229,0.027832323548825963,472,2.9070041722040054,0.01
5531,570,1812,50173,0.02802877187026802,472,2.8874341304819655,0.01
5610,536,1802,50138,0.02819379130191578,472,2.868059789177146,0.01
5679,528,1781,50097,0.02827677139017765,473,2.8488791912853744,0.01
5713,526,1757,50088,0.028438792892929856,474,2.8298903993725206,0.01
5800,516,1712,50054,0.028663133750251618,476,2.8110914953787955,0.01
5839,535,1657,50048,0.028798318317989558,479,2.7924805804250075,0.01
5900,541,1631,50006,0.028917035086676823,480,2.7740557746207575,0.01
5983,515,1623,49955,0.029055565562868046,482,2.75581521687455,0.01
6089,480,1613,49894,0.029127716339324882,482,2.7377570647058045,0.01
6173,502,1587,49814,0.029232759163032487,482,2.7198794940587465,0.01
6251,476,1558,49790,0.02932209217492034,483,2.702180699118159,0.01
6337,474,1526,49737,0.029517040505378372,484,2.6846588921269774,0.01
6401,473,1518,49680,0.029686437521593875,486,2.6673123032057076,0.01
6461,463,1518,49627,0.02982595403534138,489,2.6501391801736505,0.01
6520,477,1509,49563,0.029952370078394557,489,2.633137788371914,0.01
6626,458,1500,49485,0.030076008181829192,489,2.616306410488195,0.01
6716,455,1458,49440,0.030276157162893225,489,2.5996433463833126,0.01
6814,450,1454,49349,0.03044530577341742,491,2.5831469129194793,0.01
6913,444,1425,49285,0.030635488574953282,491,2.5668154437902846,0.01
7006,439,1413,49209,0.030821548749046874,491,2.5506472893523817,0.01
7102,435,1384,49145,0.03098785207492788,492,2.534640816458858,0.01
7211,422,1387,49044,0.031129072805718642,494,2.5187944082942693,0.01
7323,413,1365,48961,0.031285304030328635,496,2.5031064642113265,0.01
7398,397,1346,48921,0.03146956597165778,496,2.4875753995692134,0.01
7505,384,1314,48858,0.03155271767413322,497,2.472199645573521,0.01
7610,371,1321,48759,0.03172522806870553,497,2.456977649117786,0.01
7732,360,1308,48661,0.031850578610684036,497,2.441907872626608,0.01
7804,366,1285,48606,0.03201989257994664,497,2.4269887939003416,0.01
7905,370,1258,48526,0.032237298265765775,499,2.412218905961338,0.01
8021,367,1237,48434,0.03243912191635036,499,2.3975967169017247,0.01
8167,354,1244,48294,0.03251922208596832,499,4.612965870220497,0.01
8063,544,1233,48219,0.032637651025888094,499,4.576336211518292,0.01
7979,664,1258,48156,0.03276137104809675,501,4.540072849403109,0.01
7889,806,1290,48072,0.032917218014313646,501,4.504172120909078,0.01
7805,860,1357,48034,0.0330364858571917,502,4.468630399699987,0.01
7689,939,1426,48002,0.03324300024894891,502,4.4334440957029875,0.01
7594,1009,1516,47936,0.03338837924003431,503,4.398609654745957,0.01
7446,1074,1625,47910,0.03356264769189954,503,4.364123558198498,0.01
7288,1175,1733,47857,0.03371392632590004,505,4.329982322616513,0.01
7165,1209,1867,47811,0.03383231920023997,506,4.296182499390349,0.01
7005,1257,1961,47827,0.03393761195207051,508,4.262720674396445,0.01
6873,1256,2058,47861,0.034054140631198514,510,4.229593467652481,0.01
6713,1303,2172,47860,0.0341980258128567,510,4.196797532975956,0.01
6573,1327,2266,47882,0.03441711109299561,510,3.733971277822353,0.01
6449,1330,2348,47921,0.03453652854941997,510,3.7061315650441293,0.01
6371,1263,2433,47980,0.034641294632658116,511,3.678570249393688,0.01
6236,1272,2493,48046,0.034801855513582974,511,3.6512845468997512,0.01
6142,1239,2566,48100,0.03505859480804133,511,3.6242717014307537,0.01
6018,1237,2613,48177,0.035260788126366197,513,3.597528984416446,0.01
5922,1245,2642,48236,0.03545832124651055,513,3.571053694572282,0.01
5853,1223,2684,48285,0.035605465133854555,513,3.544843157626559,0.01
5764,1210,2731,48339,0.0357283903482118,514,3.5188947260502936,0.01
5706,1160,2788,48389,0.035886173066932925,515,3.4932057787897905,0.01
5643,1125,2817,48458,0.036011110404330415,515,3.4677737210018926,0.01
5582,1092,2849,48520,0.03618759716773927,515,3.4425959837918736,0.01
5526,1093,2849,48575,0.03641660943151434,515,3.417670023953955,0.01
5462,1074,2865,48641,0.03660140492940488,516,3.3929933237144154,0.01
5375,1070,2861,48735,0.03676093661214611,517,3.3685633904772714,0.01
5303,1069,2881,48788,0.03697087990707412,517,3.3443777565724986,0.01
5226,1038,2872,48905,0.03698453915306087,517,3.3204339790067734,0.01
5173,1014,2901,48952,0.03712272051843125,518,3.296729639216706,0.01
5146,991,2896,49007,0.03726485304668783,518,3.273262342824539,0.01
5142,965,2866,49066,0.03748251660905252,519,3.2500297193962933,0.01
5139,931,2827,49140,0.03758284400463645,521,3.2270294222023304,0.01
5123,913,2807,49192,0.03777875285048594,523,3.204259127980307,0.01
5108,919,2754,49254,0.03794364041158513,523,3.1817165367005042,0.01
5134,907,2726,49266,0.038062585989588664,525,3.159399371333499,0.01
5124,894,2708,49307,0.0381859181896007,525,3.137305377620164,0.01
5122,867,2691,49350,0.038330425716740425,528,3.1154323238439625,0.01
5106,866,2648,49409,0.038453338547025866,529,3.093778000605523,0.01
5080,883,2592,49474,0.03859550130791296,529,3.072340220599468,0.01
5079,870,2585,49493,0.03871739488671139,531,3.0511168183934734,0.01
5078,859,2550,49540,0.03883603391250357,531,3.0301056502095385,0.01
5106,811,2547,49561,0.039084270612083964,533,3.009304593707443,0.01
5113,766,2554,49591,0.03921299193685544,534,2.9887115477703685,0.01
5115,787,2497,49620,0.039397710871195646,539,2.9683244322926647,0.01
5091,780,2465,49681,0.03952332469964284,541,2.948141187969738,0.01
5109,764,2471,49673,0.03967031648332754,541,2.9281597760900406,0.01
5091,763,2408,49755,0.03985867932274069,541,2.9083781783291403,0.01
5142,762,2344,49769,0.040052855666025684,541,2.888794396545849,0.01
5144,750,2313,49810,0.04017310233971274,541,2.8694064525803906,0.01
5188,738,2287,49804,0.0402806952091718,541,2.8502123880545867,0.01
5227,687,2248,49854,0.040433992981421744,542,2.831210264174041,0.01
5264,680,2206,49863,0.04058263537359899,545,2.8123981615323004,0.01
5307,644,2174,49888,0.04077023913463443,545,2.7937741799169773,0.01
5387,606,2149,49871,0.040923858056104344,545,2.7753364381178076,0.01
5448,603,2087,49875,0.04111504421978374,545,2.7570830737366294,0.01
5514,579,2042,49877,0.0413009695170403,546,2.739012242999263,0.01
5572,550,2021,49868,0.041492216877636344,547,2.7211221205692704,0.01
5651,554,1979,49825,0.04163894114701036,549,2.7034108993635777,0.01
5701,560,1955,49793,0.04179392999227287,549,2.685876790369942,0.01
5739,552,1914,49803,0.04195427659873648,550,2.6685180224662424,0.01
5817,530,1917,49744,0.042093253200797376,550,2.65133284224158,0.01
5896,501,1865,49743,0.04222114287505756,553,2.634319513819164,0.01
5947,507,1848,49703,0.042293833697553976,553,2.6174763186809726,0.01
6030,478,1813,49682,0.04235900467473294,555,2.600801555494163,0.01
6092,482,1762,49665,0.04248570067329407,557,2.584293539939221,0.01
6162,460,1706,49672,0.04253237322013577,558,2.567950604539829,0.01
6251,439,1667,49642,0.042788571861688,559,2.551771098494431,0.01
6312,452,1624,49610,0.04296321694673973,560,2.5357533875094864,0.01
6385,449,1591,49573,0.043082355627838576,560,2.5198958536343916,0.01
6473,443,1558,49524,0.04330582884188978,560,2.5041968950980475,0.01
6552,438,1511,49496,0.043550482930558965,561,2.488654926147067,0.01
6644,428,1504,49420,0.04363575002214404,562,2.473268376885596,0.01
6730,428,1465,49373,0.04381525834339982,562,2.45803569311674,0.01
6810,399,1473,49313,0.044016954624716616,563,2.4429553361855727,0.01
6905,385,1446,49259,0.04424248880011558,563,2.428025782823717,0.01
6994,373,1414,49214,0.04435751328552586,563,2.41324552499548,0.01
7083,362,1386,49164,0.044553454147689936,563,2.398613069745525,0.01
7170,370,1350,49104,0.04474333805802465,564,2.3841269390480697,0.01
7265,384,1314,49030,0.044942446046551676,565,2.369785669657589,0.01
7344,371,1279,48997,0.045031834297241474,567,2.3555878129610135,0.01
7444,374,1250,48923,0.04523894820323067,567,2.341531934831403,0.01
7542,352,1254,48843,0.045451567325504316,567,2.3276166154830893,0.01
7642,333,1229,48786,0.04564337641214888,568,2.3138404493282585,0.01
7762,317,1193,48718,0.045694837945543854,568,2.300202044834976,0.01
7846,315,1170,48659,0.04582619848673718,568,2.2867000243866262,0.01
7953,296,1130,48610,0.045986059702616336,569,2.27333302414276,0.01
8012,307,1113,48555,0.0461757171577629,571,2.2600996939013323,0.01
8131,288,1090,48477,0.046344840562014544,572,2.246998696962319,0.01
8212,283,1074,48417,0.046481312022256305,572,2.2340287099926956,0.01
8295,269,1063,48358,0.0465959736520456,573,2.2211884228927685,0.01
8402,267,1041,48272,0.046790817192204376,576,2.2084765386638407,0.01
8476,287,1004,48215,0.04692773911684794,576,2.1958917732772023,0.01
8579,268,992,48143,0.047056561540625354,576,2.1834328555444302,0.01
8690,269,968,48055,0.04727304246517018,576,2.171098526988986,0.01
8808,267,941,47966,0.04739306209313263,576,2.1588875417190962,0.01
8953,262,908,47859,0.04758350034714071,576,2.146798666301905,0.01
9046,244,908,47784,0.04774367128783847,576,2.134830679638886,0.01
9169,239,874,47700,0.04794238813175255,576,2.1229823728424972,0.01
9295,230,853,47603,0.048164378135455585,577,2.1112525491140723,0.01
9413,224,841,47503,0.04830204594697506,577,2.0996400236229316,0.01
9536,222,831,47392,0.04842930021756862,577,2.0881436233867023,0.01
9634,215,819,47312,0.04867309268934073,578,2.0767621871528354,0.01
9757,209,807,47206,0.048826133062258234,579,2.0654945652813073,0.01
9860,214,784,47121,0.04898066953572774,579,2.054339619628494,0.01
9964,226,752,47037,0.049170080617802266,579,2.043296223432209,0.01
10082,204,761,46932,0.049354218216097846,579,2.032363261197887,0.01
10212,196,732,46839,0.0494659867443713,579,2.021539628585908,0.01
10338,182,720,46739,0.04962072574344949,579,2.010824232300049,0.01
10445,179,716,46639,0.04979938574017134,579,2.0002159899770486,0.01
10560,192,691,46536,0.049911905031784096,579,1.989713830077278,0.01
10674,187,680,46438,0.05003652166729781,579,1.9793166917765053,0.01
10795,199,657,46328,0.05021185540174158,579,4.550339235938178,0.01
10771,320,673,46215,0.0503947537038042,579,4.514335843578796,0.01
10743,427,705,46104,0.05056376635649388,579,4.478692485143008,0.01
10707,520,739,46013,0.05068264259176453,579,4.443405560291578,0.01
10679,559,820,45920,0.05077323746134424,580,4.408471504688662,0.01
10579,665,877,45856,0.050960255377500804,581,4.373886789641776,0.01
10490,744,952,45789,0.0511428575501561,583,4.339647921745358,0.01
10405,827,1028,45715,0.051297994032660166,583,4.305751442527904,0.01
10319,894,1125,45637,0.05146810350269246,583,4.272193928102625,0.01
10248,930,1257,45540,0.05158115787471074,583,4.238971988821598,0.01
10137,991,1366,45480,0.05178216317332888,584,4.2060822689333826,0.01
9988,1061,1470,45451,0.05192964847942421,588,4.173521446244049,0.01
9848,1112,1590,45420,0.05207920201746594,588,4.141286231781608,0.01
9643,1178,1737,45411,0.05219435482623331,589,4.109373369463792,0.01
9456,1252,1869,45391,0.052415765516745774,590,4.077779635769154,0.01
9244,1345,1996,45383,0.052616566133711816,590,4.046501839411463,0.01
8994,1447,2136,45391,0.05273772701655397,590,4.015536821017348,0.01
8782,1468,2312,45403,0.05290278189693817,593,3.984881452807175,0.01
8517,1534,2437,45477,0.0530864057019566,593,3.9545326382791033,0.01
8284,1568,2585,45527,0.053229579574810906,594,3.9244873118963124,0.01
8031,1614,2714,45601,0.05335579483291159,598,3.8947424387773495,0.01
7746,1671,2866,45677,0.05348730076270356,598,3.865295014389576,0.01
7492,1688,3009,45771,0.05364157861812721,598,3.83614206424568,0.01
7271,1729,3099,45861,0.053786402258394074,598,3.807280643603223,0.01
7052,1701,3248,45957,0.0539084660796258,600,3.778707837167191,0.01
6818,1690,3341,46109,0.05409331949002204,600,3.750420758795519,0.01
6621,1688,3417,46232,0.054255216662219184,600,3.722416551207564,0.01
6435,1678,3476,46366,0.054430663134741486,603,3.6946923856954883,0.01
6177,1723,3579,46475,0.05457906266377898,604,3.6672454618385335,0.01
5980,1674,3695,46603,0.05478932768757529,606,3.640073007220148,0.01
5775,1659,3797,46720,0.05499152777843659,607,3.613172277147947,0.01
5611,1611,3835,46889,0.05513545546527906,612,3.5865405543764672,0.01
5436,1586,3914,47008,0.05525378604423576,614,3.5601751488327027,0.01
5287,1544,3984,47128,0.055407386495357626,615,4.407834752089596,0.01
4876,1630,4100,47334,0.055528688319408666,618,4.3732564045687,0.01
4516,1670,4188,47565,0.055649465087056614,619,4.339023840523013,0.01
4180,1673,4308,47777,0.05578755030393843,620,4.305133602117783,0.01
3864,1677,4368,48026,0.05594419422675987,623,4.271582266096605,0.01
3649,1555,4481,48248,0.05607922766634509,625,4.2383664434356385,0.01
3408,1494,4514,48516,0.0561846167704513,626,4.205482779001282,0.01
3235,1442,4561,48693,0.056302504561855024,627,4.172927951211269,0.01
3104,1364,4596,48863,0.05653494091539177,631,4.140698671699156,0.01
2939,1306,4605,49077,0.0566733512563189,631,4.108791684982164,0.01
2838,1238,4579,49271,0.05682392846325537,632,4.0772037681323425,0.01
2704,1179,4535,49506,0.05700071398788052,634,4.045931730451019,0.01
2611,1090,4539,49684,0.05720621102546659,634,4.014972413146509,0.01
2538,1021,4448,49912,0.05733833548169387,639,3.9843226890150443,0.01
2471,973,4343,50132,0.057564506566754575,639,3.953979462124894,0.01
2414,910,4281,50312,0.05767847658122824,641,3.923939667503645,0.01
2340,869,4204,50502,0.057851685361026604,643,3.8942002708286085,0.01
2322,803,4119,50671,0.058004294846026615,643,3.8647582681203225,0.01
2281,763,4024,50844,0.058202091005195265,646,3.835610685439119,0.01
2261,721,3914,51014,0.05837852681408684,648,3.806754578584728,0.01
2222,732,3840,51115,0.05852453832186799,649,3.7781870327988805,0.01
2251,670,3730,51257,0.058614969162075196,650,3.7499051624708915,0.01
2263,638,3617,51386,0.05874860735762779,654,3.7219061108461826,0.01
2291,618,3506,51487,0.0589205105074075,656,3.694187049737721,0.01
2332,587,3382,51599,0.05908429871721398,658,3.6667451792403436,0.01
2372,559,3269,51699,0.05919845556883969,659,3.63957772744794,0.01
2399,516,3218,51766,0.059416706505833985,659,3.6126819501734606,0.01
2431,504,3103,51860,0.05954672195843467,660,3.586055130671726,0.01
2494,491,2990,51920,0.05971518881956957,663,3.5596945793650088,0.01
2558,470,2916,51950,0.05983395931030912,664,3.533597633571359,0.01
2613,445,2847,51988,0.05992676376783917,665,3.5077616572356454,0.01
2675,436,2743,52039,0.06001372222443922,665,3.482184040663289,0.01
2737,419,2618,52118,0.06013821788292454,666,3.456862200256656,0.01
2800,419,2540,52132,0.06028436859579624,667,3.4317935782540894,0.01
2897,389,2446,52158,0.06038732297951282,668,3.4069756424715485,0.01
2976,383,2394,52135,0.06053790982601495,670,3.382405886046833,0.01
3021,402,2313,52149,0.06067612442689664,673,3.3580818271863646,0.01
3100,399,2212,52173,0.06090792243534802,674,3.334001008914501,0.01
3150,390,2122,52220,0.06111327964832909,676,3.310160998825356,0.01
3211,397,2056,52217,0.061213760509835645,677,3.2865593888371025,0.01
3245,418,1979,52239,0.061351666812144025,677,3.2631937949487315,0.01
3348,403,1924,52203,0.06152823138857568,680,3.2400618569992443,0.01
3447,386,1869,52174,0.06170708435277402,682,3.217161238429252,0.01
3528,354,1836,52157,0.06186727824036273,683,3.1944896260449593,0.01
3588,334,1792,52160,0.062003168917029124,684,3.17204472978451,0.01
3671,325,1737,52139,0.06223644439760561,686,3.149824282486665,0.01
3757,323,1699,52092,0.06240894014427812,687,3.127826039661798,0.01
3850,322,1637,52062,0.06263242482414266,687,3.10604777926518,0.01
3904,332,1596,52039,0.06277877055656829,687,3.0844873014725285,0.01
3990,320,1576,51985,0.06297143429429791,687,3.063142428457803,0.01
4074,309,1529,51959,0.0631224110646193,687,3.042011004173225,0.01
4153,304,1490,51924,0.06317156016149696,687,3.0210908941314925,0.01
4245,296,1453,51875,0.06332640886531739,689,3.0003799851901776,0.01
4361,295,1426,51787,0.06350340964036438,689,2.979876185338276,0.01
4458,321,1368,51722,0.06362693787270965,689,2.959577423484893,0.01
4590,297,1343,51639,0.06375730169407368,689,2.9394816492500437,0.01
4697,291,1337,51544,0.06386644461380371,689,2.919586832757543,0.01
4812,278,1335,51444,0.06397073797763787,689,2.8998909644299675,0.01
4896,267,1309,51397,0.0641622106842901,689,2.880392054785668,0.01
5003,261,1270,51335,0.06428209092921909,689,2.861088134237811,0.01
5090,253,1220,51306,0.06447896014017897,689,2.841977252895433,0.01
5186,261,1185,51237,0.06467817401344923,689,2.8230574803664785,0.01
5295,245,1175,51154,0.06475623358351838,689,2.8043269055628137,0.01
5381,266,1132,51088,0.06495975566053948,691,2.7857836365071855,0.01
5513,258,1105,50991,0.06513263062972634,691,2.7674258001421137,0.01
5618,259,1075,50915,0.06522931413317998,691,2.7492515421406925,0.01
5735,246,1063,50823,0.06538846232933417,691,2.7312590267192856,0.01
5849,234,1034,50749,0.06550515017109301,692,2.7134464364520925,0.01
5952,237,1009,50668,0.06573694216633587,692,2.6958119720875717,0.01
6087,215,985,50575,0.06593093930665539,696,2.678353852366696,0.01
6183,209,938,50532,0.06612174836415585,696,2.661070313843029,0.01
6299,215,899,50448,0.06635948496598605,697,2.6439596107045986,0.01
6394,214,887,50363,0.06652869607114448,700,2.6270200145975524,0.01
6489,214,868,50287,0.06665799794012102,700,2.610249814451577,0.01
6599,206,861,50192,0.06681648402005567,700,2.5936473163070612,0.01
6706,206,852,50094,0.06703935900099277,700,2.5772108431439906,0.01
6818,194,846,50000,0.06721927251066193,700,2.5609387347125505,0.01
6919,194,832,49913,0.06743403038723697,700,2.544829347365425,0.01
7034,185,812,49826,0.06764918043342218,701,2.5288810538917708,0.01
7165,182,784,49726,0.06778809157434063,701,2.513092243352853,0.01
7269,191,782,49615,0.06794628249282217,701,2.4974613209193244,0.01
7376,186,770,49524,0.06816070022113903,702,2.481986707710131,0.01
7512,186,742,49415,0.06824102414249257,703,2.46666684063303,0.01
7647,186,725,49295,0.06838284932485525,705,2.4515001722266994,0.01
7750,188,705,49210,0.06854701327528648,705,2.4364851705044326,0.01
7863,170,696,49124,0.06874690434309617,705,2.421620318799388,0.01
7958,178,685,49032,0.06888091711388751,705,2.406904115611394,0.01
8103,178,682,48889,0.06898359018699768,706,2.3923350744552803,0.01
8192,167,690,48803,0.06913254567381372,706,2.3779117237107275,0.01
8301,179,672,48700,0.0692510008916857,706,2.36363260647362,0.01
8434,168,692,48557,0.06942979191447674,707,2.349496280408884,0.01
8570,157,685,48439,0.0696540970619462,707,2.335501317604795,0.01
8687,171,673,48319,0.06976031638119705,708,2.3216463044287474,0.01
8799,172,672,48207,0.06994206592365845,708,2.30792984138446,0.01
8929,168,669,48083,0.07009541679666066,709,2.2943505429706152,0.01
9017,176,656,48000,0.07028128789510266,709,2.280907037540909,0.01
9136,164,659,47890,0.0704418408764099,709,3.717665214900335,0.01
9159,229,644,47817,0.07054338614758185,709,3.689988562751332,0.01
9182,259,655,47753,0.07068678654501447,709,3.6625886771238183,0.01
9210,293,678,47668,0.07090195525304087,709,3.6354627903525802,0.01
9249,331,678,47590,0.07118144434384704,710,3.6086081624490545,0.01
9272,370,693,47513,0.07135956683553153,710,3.5820220808245637,0.01
9291,397,717,47442,0.07147719504073534,711,3.555701860016318,0.01
9313,421,759,47354,0.07164657427712948,711,3.5296448414161548,0.01
9303,439,789,47315,0.07185162519737076,712,3.5038483930019932,0.01
9306,472,814,47254,0.07191801747492188,712,3.2434125254228965,0.01
9345,449,883,47169,0.07209992407310815,712,3.2204784001686675,0.01
9368,457,918,47103,0.07219256343770648,712,3.1977736161669807,0.01
9388,461,946,47051,0.0723452756042541,712,3.175295880005311,0.01
9388,488,957,47012,0.07247287211000726,713,3.153042921205258,0.01
9397,487,982,46979,0.07262743846055232,713,3.1310124919932054,0.01
9397,492,998,46958,0.07282268916218443,713,3.1092023670732734,0.01
9438,505,1022,46879,0.07301100834891455,714,3.087610343402541,0.01
9456,502,1037,46849,0.07317267507061134,714,3.0662342399685154,0.01
9474,482,1094,46793,0.07328894839640743,715,3.0450718975688305,0.01
9490,485,1119,46749,0.07339324336310993,715,3.024121178593142,0.01
9516,493,1142,46692,0.0735457037008249,715,3.0033799668072105,0.01
9501,507,1167,46665,0.07366174950101452,718,2.9828461671391384,0.01
9488,539,1199,46614,0.073817220855372,718,2.962517705467747,0.01
9524,541,1196,46579,0.0740206339700066,718,2.9423925284130696,0.01
9565,517,1234,46523,0.0741536309301832,719,2.922468603128939,0.01
9587,518,1240,46494,0.07427170839455029,719,2.90274391709765,0.01
9575,533,1255,46476,0.07445880708789174,719,2.8832164779266733,0.01
9586,515,1285,46451,0.0746573959892927,721,2.8638843131474068,0.01
9573,516,1309,46439,0.07476623172506136,721,2.844745470015933,0.01
9567,523,1326,46421,0.0749552267852078,721,2.825798015315774,0.01
9570,540,1317,46409,0.0750315486171401,722,2.807040035162616,0.01
9561,539,1327,46409,0.07511624293765923,722,2.78846963481099,0.01
9566,555,1352,46361,0.07524934646597861,724,2.77008493846288,0.01
9581,558,1361,46334,0.07535942166855905,724,2.7518840890782514,0.01
9577,571,1369,46316,0.07557481430048381,725,2.733865248187469,0.01
9583,566,1376,46308,0.07571019492626842,725,2.7160265957055945,0.01
9606,553,1386,46288,0.07582264642365366,725,2.6983663297485383,0.01
9622,550,1394,46265,0.07598271006853327,727,2.680882666451053,0.01
9655,516,1437,46223,0.07613268223693083,727,2.6635738397865425,0.01
9644,518,1455,46214,0.07626813100979986,727,2.646438101388677,0.01
9661,520,1447,46203,0.07644871374736459,727,2.62947372037479,0.01
9673,530,1452,46175,0.07653460546296655,728,2.612678983171042,0.01
9695,541,1455,46139,0.07666136960337754,728,2.596052193339332,0.01
9730,520,1457,46122,0.07683730234935289,729,2.5795916714059386,0.01
9727,512,1467,46122,0.07696487096960503,730,2.5632957546918793,0.01
9756,480,1484,46106,0.07710932555811914,732,2.5471627971449604,0.01
9733,501,1473,46119,0.07727971595528722,732,2.531191169173511,0.01
9736,502,1472,46116,0.07747091657439363,732,2.5153792574817757,0.01
9753,491,1473,46108,0.07764949303774513,733,2.499725464906958,0.01
9749,532,1446,46097,0.0777546233219965,734,2.4842282102578883,0.01
9753,514,1462,46095,0.07794258240429808,734,2.4688859281553093,0.01
9762,504,1456,46101,0.07805371469376349,735,2.453697068873756,0.01
9778,499,1432,46114,0.07820441775123224,735,2.4386600981850184,0.01
9799,479,1441,46104,0.0783092964159127,735,2.423773497203168,0.01
9843,451,1438,46088,0.07844150765718799,738,2.4090357622311362,0.01
9874,428,1434,46083,0.0786019375724211,739,2.394445404608825,0.01
9903,408,1436,46071,0.07882847328956315,740,2.3800009505627364,0.01
9928,409,1426,46053,0.07900336338322493,742,2.365700941057109,0.01
9951,395,1423,46046,0.0791986433486314,743,2.351543931646538,0.01
9975,384,1437,46019,0.0793775688703872,743,2.3375284923300725,0.01
10007,384,1412,46011,0.0795021097084139,744,2.323653207406772,0.01
10033,391,1409,45981,0.07957468471836193,744,2.3099166753327043,0.01
10071,383,1395,45965,0.07970041329741497,744,2.2963175085793774,0.01
10101,384,1383,45946,0.07987816534201696,744,2.282854333493584,0.01
10146,379,1379,45909,0.0800863958353242,745,2.269525790158648,0.01
10184,378,1370,45880,0.080281774521618,746,2.2563305322570617,0.01
10214,384,1359,45855,0.08044895255427861,746,2.243267226934491,0.01
10228,391,1345,45847,0.08058815357815845,747,2.2303345546651463,0.01
10249,390,1345,45827,0.0807531651388801,747,2.2175312091184947,0.01
10268,399,1336,45808,0.08091802073249336,747,2.2048558970273096,0.01
10305,399,1319,45786,0.08103646281838378,749,2.1923073380570366,0.01
10364,379,1309,45756,0.08122207587945014,750,2.179884264676466,0.01
10419,363,1292,45734,0.08133362631526467,750,2.1675854220297013,0.01
10468,352,1275,45713,0.08144654503497506,750,2.155409567809404,0.01
10522,350,1244,45691,0.08157222692194599,751,2.14335547213131,0.01
10578,338,1245,45646,0.08181637964937684,751,2.131421917409997,0.01
10629,346,1224,45607,0.08205248957878669,752,2.119607698235897,0.01
10682,331,1215,45578,0.08217863025335301,752,2.107911621253538,0.01
10764,320,1196,45526,0.08234344658461035,752,2.0963325050410027,0.01
10805,310,1181,45510,0.08245396361712955,752,2.0848691799905925,0.01
10861,315,1165,45465,0.08259731862949778,752,2.073520488190687,0.01
10926,305,1151,45424,0.08275723544933594,752,4.386850292072387,0.01
10773,501,1170,45362,0.08288889348161266,752,4.352481789151663,0.01
10606,646,1234,45320,0.08305112823212955,752,4.318456971260146,0.01
10483,750,1296,45277,0.08317878947075542,752,4.284772401547545,0.01
10321,848,1383,45253,0.08329826879221877,753,4.25142467753207,0.01
10185,934,1457,45226,0.08341882003904252,756,4.218410430756749,0.01
10012,1018,1580,45192,0.0836050285358864,756,4.185726326449181,0.01
9817,1118,1686,45180,0.0838974833445551,757,4.153369063184689,0.01
9593,1232,1797,45179,0.08412641539304587,757,4.121335372552842,0.01
9383,1301,1925,45188,0.08437363539605393,761,4.089622018827313,0.01
9162,1368,2037,45228,0.08457189410878503,763,4.05822579863904,0.01
8914,1438,2169,45271,0.08469837943669448,766,4.02714354065265,0.01
8632,1490,2334,45335,0.08480861963886802,767,3.996372105246124,0.01
8407,1512,2503,45368,0.08505840690302044,768,3.9659083841936624,0.01
8124,1581,2648,45436,0.08522274671994934,769,3.9357493003517257,0.01
7890,1593,2790,45514,0.08541961142474695,771,3.9058918073482083,0.01
7623,1629,2956,45579,0.08554977917664072,771,3.8763328892747264,0.01
7372,1646,3080,45687,0.0856908864046907,773,3.8470695603819793,0.01
7103,1643,3250,45787,0.08585538764870433,775,3.8180988647781597,0.01
6880,1642,3383,45877,0.08600583484445916,776,3.7894178761303783,0.01
6665,1665,3477,45973,0.08611411433187634,778,3.7610236973690747,0.01
6409,1689,3563,46115,0.08624070394900474,782,3.732913460395384,0.01
6206,1677,3694,46198,0.08637464735123067,783,3.70508432579143,0.01
5969,1644,3849,46313,0.08653641414494075,783,3.6775334825335158,0.01
5757,1642,3919,46454,0.08667068314619573,786,3.650258147708181,0.01
5544,1621,4003,46602,0.08683232719719595,788,3.623255566231099,0.01
5351,1579,4087,46750,0.0870550632865523,791,3.596523010568788,0.01
5200,1552,4159,46854,0.08720394381953606,793,3.5700577804631,0.01
5061,1477,4224,47000,0.08734655375959659,796,3.543857202658469,0.01
4890,1440,4264,47166,0.08747399763661295,798,3.5179186306318844,0.01
4716,1410,4314,47318,0.08761410234937904,800,3.4922394443255653,0.01
4586,1405,4280,47486,0.08777435442673094,801,3.4668170498823097,0.01
4461,1367,4245,47684,0.08787124888378235,801,3.4416488793834867,0.01
4313,1347,4244,47851,0.08804857506978707,803,3.416732390589652,0.01
4196,1315,4229,48015,0.08816778220516865,803,3.3920650666837555,0.01
4109,1267,4186,48193,0.08832689153880592,803,3.367644416016918,0.01
4073,1184,4155,48343,0.08846375065157014,803,3.343467971856749,0.01
3974,1152,4149,48479,0.08860351440375236,804,3.3195332921381815,0.01
3922,1110,4084,48637,0.08871767603657234,805,3.2958379592168,0.01
3885,1031,4050,48784,0.08887900867912764,808,3.2723795796246318,0.01
3852,1003,3971,48922,0.08901962913376416,810,3.2491557838283853,0.01
3806,948,3950,49043,0.08915780077699899,811,3.2261642259901016,0.01
3747,939,3874,49183,0.08928372256126943,815,3.2034025837302007,0.01
3771,895,3778,49296,0.08936285275681759,818,3.180868557892899,0.01
3735,870,3676,49456,0.08953511166039714,821,3.15855987231397,0.01
3729,819,3596,49592,0.08965025777635081,822,3.13647427359083,0.01
3735,768,3558,49673,0.08976437997785096,824,3.114609530854922,0.01
3750,724,3489,49771,0.08993895680381919,824,3.092963435546373,0.01
3718,718,3381,49914,0.09007836093478952,827,3.0715338011909092,0.01
3721,687,3314,50008,0.09033640914628752,828,3.0503184631790004,0.01
3726,672,3210,50120,0.09049055720019913,830,3.02931527854721,0.01
3765,642,3154,50165,0.09070822743834363,832,3.008522125761738,0.01
3800,610,3068,50248,0.09087747510069855,832,2.987936904504121,0.01
3834,609,2955,50327,0.091031538248278,833,2.9675575354590795,0.01
3839,627,2875,50383,0.09113205301566621,834,2.947381960104489,0.01
3844,612,2816,50450,0.09133283001021052,836,2.927408140503444,0.01
3871,598,2750,50502,0.09150277621518665,837,2.9076340590984096,0.01
3898,557,2707,50559,0.09167131882509724,837,2.8880577185074254,0.01
3941,549,2619,50609,0.09183728546666836,840,2.868677141322351,0.01
3982,519,2552,50664,0.09208166219999445,841,2.8494903699091276,0.01
4011,521,2473,50711,0.09219768087157346,842,2.8304954662100363,0.01
4084,498,2399,50735,0.09228508947770493,842,2.811690511547936,0.01
4146,477,2322,50770,0.0924004921440045,843,2.793073606432457,0.01
4201,462,2256,50796,0.09252647179872805,843,2.7746428703681323,0.01
4254,428,2212,50821,0.09275610240772335,843,2.756396441664451,0.01
4294,431,2138,50852,0.09291410736006311,843,2.7383324772478064,0.01
4355,404,2116,50840,0.09304441649087955,843,2.7204491524753283,0.01
4433,376,2063,50841,0.09311175286140093,845,2.702744660950575,0.01
4484,367,2027,50832,0.09328122105302396,848,2.6852172143410695,0.01
4562,358,1981,50807,0.09346856463974067,850,2.6678650421976586,0.01
4626,365,1922,50795,0.0935727238205466,850,2.650686391775682,0.01
4694,357,1874,50781,0.09365248970653646,852,2.6336795278579253,0.01
4745,374,1779,50808,0.093823479917715,852,2.616842732579346,0.01
4825,344,1732,50805,0.09399104792802807,852,2.6001743052535526,0.01
4906,336,1687,50776,0.09410392587386779,853,2.5836725622010173,0.01
4979,328,1638,50760,0.0943004915295844,853,2.567335836579007,0.01
5049,320,1593,50743,0.0945396402526113,853,2.5511624782132167,0.01
5120,309,1558,50717,0.0947445111916505,854,2.5351508534310847,0.01
5204,287,1512,50701,0.09479160709048624,854,2.519299344896774,0.01
5284,286,1466,50667,0.09493670257843105,855,2.5036063514478064,0.01
5389,275,1423,50615,0.09512360600924102,856,2.4880702879333283,0.01
5492,265,1381,50563,0.09521139895204471,857,2.472689585053995,0.01
5589,257,1349,50505,0.09529885943808303,858,2.457462689203455,0.01
5698,258,1311,50433,0.09541869456147127,858,2.4423880623114202,0.01
5767,262,1283,50388,0.09561306243415844,858,2.4274641816883062,0.01
5831,263,1256,50350,0.09578197851335911,858,2.412689539871423,0.01
5919,254,1241,50286,0.09591307955158113,858,2.398062644472709,0.01
6015,241,1214,50230,0.09609124448844401,858,2.383582018027982,0.01
6117,222,1191,50169,0.09625772247304025,859,2.369246197847702,0.01
6235,209,1169,50085,0.09643842742156226,860,2.355053735869225,0.01
6322,212,1138,50026,0.09661685778876168,860,5.2329480319154,0.01
6257,344,1129,49967,0.09685562145618902,861,5.190118551596246,0.01
6207,439,1134,49917,0.09694700822098215,861,5.1477173660802835,0.01
6152,527,1148,49870,0.09711756137810187,861,5.10574019241948,0.01
6071,609,1179,49838,0.09730075894707671,861,5.064182790495286,0.01
5976,695,1243,49782,0.0974234409719677,862,3.6594079208972667,0.01
6006,653,1315,49722,0.09749329729285221,862,3.632313841688294,0.01
6033,634,1352,49677,0.09765035994774969,862,3.605490703271411,0.01
6042,612,1399,49641,0.097745440032503,864,3.5789357962386967,0.01
6078,576,1445,49595,0.09795775548445877,864,3.5526464382763097,0.01
6114,555,1480,49545,0.09817414854165486,864,3.5266199738935464,0.01
6147,548,1501,49497,0.09835014450877597,865,3.500853774154611,0.01
6187,552,1510,49444,0.09857466993557462,865,3.4753452364130646,0.01
6203,529,1558,49403,0.09875515885031472,865,3.450091784048934,0.01
6219,542,1561,49371,0.09896290281245115,865,3.4250908662084445,0.01
6256,539,1582,49314,0.09909009650969942,867,3.40033995754636,0.01
6264,533,1607,49286,0.0992460321596844,868,3.3758365579708967,0.01
6276,522,1644,49247,0.09938847766540011,869,3.351578192391188,0.01
6290,558,1623,49218,0.09943931595349959,869,3.327562410467276,0.01
6304,546,1633,49206,0.09963882230280462,869,3.303786786362603,0.01
6347,537,1661,49144,0.09979205318853711,869,3.280248918498977,0.01
6353,522,1676,49138,0.09991526101633176,869,3.2569464293139876,0.01
6371,524,1683,49111,0.10006062087451971,869,3.2338769650208476,0.01
6389,525,1685,49090,0.100199506078246,869,3.211038195370639,0.01
6402,530,1682,49074,0.10030209562736722,870,3.188427813416933,0.01
6436,518,1691,49043,0.10041276389285216,870,3.1660435352827636,0.01
6460,513,1691,49022,0.10055225451803529,872,3.6822467749304653,0.01
6450,571,1674,48991,0.10066047558347502,872,3.654924307181161,0.01
6429,614,1668,48975,0.10086647566218569,872,3.6278750641093493,0.01
6453,635,1665,48932,0.10105096901996538,873,3.601096313468256,0.01
6421,684,1665,48914,0.10113999189584169,874,3.574585350333573,0.01
6420,713,1671,48880,0.10129131997274972,874,3.5483394968302373,0.01
6435,722,1672,48854,0.101440195320895,875,3.522356101861935,0.01
6463,718,1706,48796,0.10159171028219821,875,3.496632540843316,0.01
6455,732,1723,48773,0.10164361834189117,875,3.4711662154348826,0.01
6451,777,1726,48728,0.10175955881271065,876,3.445954553280534,0.01
6432,790,1755,48704,0.1018435367713726,877,3.4209950077477282,0.01
6441,780,1772,48687,0.10193780938300485,878,3.396285057670251,0.01
6456,792,1791,48641,0.10211978219300492,878,3.3718222070935484,0.01
6478,787,1835,48577,0.10230393600026634,881,3.347603985022613,0.01
6467,783,1848,48579,0.10244939381437611,881,3.323627945172387,0.01
6457,799,1881,48537,0.10256910462385861,884,3.299891665720663,0.01
6469,819,1881,48504,0.10265903382481657,885,3.2763927490634566,0.01
6496,788,1906,48481,0.10286270697119886,887,3.253128821572822,0.01
6532,776,1926,48436,0.1030181481893196,888,3.230097533357094,0.01
6546,773,1926,48425,0.10311719513486949,888,3.207296558023523,0.01
6577,752,1956,48383,0.10323505574025439,890,3.1847235924432877,0.01
6580,749,1970,48369,0.10340931399050139,890,3.162376356518855,0.01
6618,744,1978,48328,0.10350931767745448,890,3.1402525929536664,0.01
6630,751,1992,48294,0.10370087268497181,891,3.1183500670241298,0.01
6636,744,1981,48305,0.10394338845415721,892,3.0966665663538886,0.01
6662,756,1953,48294,0.10410282544907837,893,3.07519990069035,0.01
6658,729,1950,48328,0.10435570604698445,893,3.0539479016834465,0.01
6682,744,1944,48295,0.10453808662918299,893,3.032908422666612,0.01
6683,739,1962,48280,0.10470759291380874,894,3.012079338439946,0.01
6701,733,1956,48274,0.10480728770957823,894,2.991458545055546,0.01
6705,730,1971,48258,0.10498083826729143,894,2.971043959604991,0.01
6707,724,1957,48276,0.10506833709631128,894,2.950833520008941,0.01
6743,700,1951,48269,0.10523530693142027,895,2.930825184808852,0.01
6787,697,1945,48233,0.10532810077571418,896,2.9110169329607634,0.01
6789,714,1950,48206,0.10549735436428508,899,2.8914067636311556,0.01
6811,713,1944,48190,0.10565783459607127,900,2.871992695994844,0.01
6834,684,1956,48182,0.10579674143473361,902,2.8527727690348956,0.01
6877,655,1968,48156,0.10602632514577791,902,2.833745041344547,0.01
6917,659,1945,48133,0.10620283337221141,904,2.814907590931101,0.01
6961,657,1936,48099,0.10635121692006622,905,2.79625851502179,0.01
7005,655,1932,48061,0.10648249203181526,905,2.777795929871572,0.01
7055,648,1928,48022,0.1066454756208248,905,2.759517970572856,0.01
7074,648,1895,48034,0.10685543027458036,907,2.7414227908671274,0.01
7098,643,1879,48030,0.10699918366574976,908,2.723508562958456,0.01
7138,653,1872,47985,0.10724954976186453,910,2.7057734773288717,0.01
7189,650,1870,47937,0.10738411960683163,912,2.688215742555583,0.01
7233,630,1857,47925,0.10755980660358369,913,2.670833585130027,0.01
7267,627,1842,47909,0.10774199920843214,913,2.653625249278727,0.01
7327,605,1842,47871,0.1079061352103601,913,2.6365889967859397,0.01
7359,620,1790,47875,0.10799130945920603,914,2.61972310681808,0.01
7397,603,1785,47859,0.10813701592940712,914,2.6030258757498994,0.01
7461,589,1779,47815,0.10823648594271468,914,2.5864956169924005,0.01
7497,595,1756,47796,0.10847803886062668,914,2.5701306608224765,0.01
7550,566,1738,47789,0.10857963384048609,915,2.553929354214252,0.01
7616,552,1716,47758,0.10873162493776013,916,2.537890060672109,0.01
7672,536,1707,47727,0.108890999157579,916,2.522011160065388,0.01
7760,509,1703,47669,0.10910650662765188,917,2.506291048464734,0.01
7818,494,1675,47653,0.10928169867519878,918,2.4907281379800867,0.01
7887,486,1646,47620,0.10938676560308028,919,2.475320856600286,0.01
7927,501,1588,47623,0.10942101101150549,919,2.460067648034283,0.01
7980,487,1576,47595,0.10955634555269984,920,2.4449669715539404,0.01
8043,461,1589,47545,0.10973146708727159,920,2.430017301838401,0.01
8112,432,1567,47526,0.10986359046517699,921,2.4152171288200166,0.01
8203,423,1548,47463,0.11004803124348554,921,2.4005649575318166,0.01
8285,411,1531,47409,0.11015452084379643,922,2.3860593079564985,0.01
8353,419,1523,47341,0.11025073338075908,922,2.3716987148769335,0.01
8435,433,1499,47268,0.11045110485347616,923,2.3574817277281643,0.01
8483,439,1475,47237,0.11065568769250567,924,2.3434069104508826,0.01
8531,438,1436,47229,0.11084304974959162,924,2.329472841346374,0.01
8600,427,1416,47190,0.11084988746311472,925,2.3156781129329103,0.01
8673,411,1414,47135,0.11095442105639418,925,2.3020213318035814,0.01
8736,409,1385,47103,0.11104768124774395,925,2.2885011184855455,0.01
8823,416,1342,47052,0.11112547178085685,925,2.2751161073006902,0.01
8915,393,1326,46997,0.11121147411811413,927,2.2618649462276834,0.01
8990,400,1314,46926,0.11134182115683408,928,2.2487462967654066,0.01
9059,379,1319,46871,0.11148417926379862,930,2.2357588337977528,0.01
9130,379,1311,46808,0.11164874892275134,930,2.2229012454597754,0.01
9197,363,1306,46762,0.11172806058106935,930,2.210172233005178,0.01
9271,361,1268,46727,0.11184165277852025,931,2.197570510675126,0.01
9348,366,1270,46643,0.11205974390130226,931,2.1850948055683745,0.01
9423,350,1267,46587,0.11217316213639751,931,2.1727438575126907,0.01
9497,345,1261,46524,0.11235369405642645,931,2.1605164189375636,0.01
9589,329,1254,46455,0.11250746511497782,931,2.148411254748188,0.01
9680,321,1229,46395,0.11268605933975503,933,2.136427142200706,0.01
9793,294,1231,46307,0.11289879996405885,933,2.124562870778699,0.01
9877,291,1192,46265,0.11297966351103556,933,2.112817242070912,0.01
9975,287,1161,46201,0.11317518105316274,934,2.1011890696502027,0.01
10054,284,1130,46156,0.11338311543533414,934,2.0896771789537008,0.01
10141,287,1104,46092,0.1135906933680838,934,2.0782804071641636,0.01
10221,279,1087,46037,0.1137504282996936,934,2.066997603092522,0.01
10324,275,1068,45956,0.11393807992330879,935,2.0558276270615967,0.01
10421,271,1050,45881,0.1141025421376561,935,2.0447693507909808,0.01
10522,265,1035,45801,0.11420284778629192,935,2.0338216572830707,0.01
10601,282,1020,45720,0.11442601700365347,935,2.02298344071024,0.01
10676,287,996,45664,0.11456816162153999,935,2.0122536063031373,0.01
10772,277,986,45588,0.114711980553288,935,2.001631070240106,0.01
10871,264,984,45504,0.11486457036928395,935,1.9911147595377048,0.01
10934,272,969,45448,0.11503847558302283,935,1.9807036119423278,0.01
11029,271,963,45360,0.11506838738130722,935,1.9703965758229045,0.01
11128,261,940,45294,0.11521272370721712,935,1.9601926100646754,0.01
11230,263,921,45209,0.11531910163973119,935,1.9500906839640286,0.01
11325,253,899,45146,0.11549968343185063,935,1.9400897771243883,0.01
11423,259,882,45059,0.11558791086799647,935,1.9301888793531445,0.01
11520,245,873,44985,0.11579974578976923,935,1.9203869905596131,0.01
11607,242,857,44916,0.11590891201284911,936,1.910683120654017,0.01
11664,246,855,44857,0.11606268170848744,936,1.9010762894474766,0.01
11765,236,855,44766,0.11620084596331483,936,1.8915655265530018,0.01
11835,237,837,44712,0.1162940822426361,937,1.8821498712874718,0.01
11928,242,822,44628,0.11635491578223213,938,1.8728283725745971,0.01
12030,235,815,44540,0.11652028373797392,938,1.863600088848851,0.01
12107,231,815,44467,0.11665734809650205,938,1.8544640879603627,0.01
12212,237,794,44377,0.1167795922827895,938,1.845419447080759,0.01
12294,229,783,44314,0.11692063148145536,938,1.8364652526099514,0.01
12374,230,768,44248,0.11703006004015053,938,1.8276006000838518,0.01
12480,217,756,44167,0.11717324809245132,938,1.8188245940830132,0.01
12563,224,738,44095,0.11733365736005105,938,1.810136348142183,0.01
12658,207,752,44001,0.11746607227064657,940,1.8015349846607611,0.01
12748,215,730,43925,0.11765063796551561,940,1.7930196348141536,0.01
12847,215,729,43827,0.11777100533934354,940,1.7845894384660121,0.01
12931,216,708,43763,0.11793647033694893,940,1.776243544081352,0.01
13049,201,697,43671,0.11817948636259629,940,1.7679811086405384,0.01
13143,194,690,43591,0.1184123071695954,940,1.759801297554133,0.01
13239,201,654,43524,0.11857643781015173,940,1.7517032845785918,0.01
13324,200,655,43439,0.11885535899261619,940,1.743686251732806,0.01
13426,208,646,43338,0.1189660698500588,940,1.7357493892154778,0.01
13546,198,640,43234,0.11909476660872655,940,1.727891895323323,0.01
13640,190,619,43169,0.11925099111759334,940,1.72011297637009,0.01
13758,188,611,43061,0.1193832930616618,940,1.7124118466063891,0.01
13866,178,599,42975,0.11950975712646773,940,1.7047877281403252,0.01
13979,172,590,42876,0.11975429828667282,941,1.697239850858922,0.01
14081,167,594,42775,0.11988573256062557,941,1.6897674523503328,0.01
14184,162,584,42687,0.12008927630223336,941,1.6823697778268294,0.01
14287,158,574,42598,0.1203393545387204,941,1.6750460800485611,0.01
14388,156,565,42508,0.12047632227766804,941,1.6677956192480756,0.01
14498,153,550,42416,0.12066727286385952,941,1.6606176630555949,0.01
14611,143,543,42320,0.12087728409023117,941,1.6535114864250389,0.01
14715,148,531,42222,0.12108205883443644,942,1.6464763715607884,0.01
14804,148,522,42142,0.12115929578337403,942,1.6395116078451806,0.01
14915,147,507,42047,0.12135661490696284,942,1.6326164917667287,0.01
14995,150,510,41961,0.12152494096141393,942,1.6257903268490614,0.01
15083,151,496,41886,0.1215788764737008,942,1.6190324235805709,0.01
15181,149,469,41817,0.12175511376586144,942,1.6123420993447652,0.01
15273,143,471,41729,0.12190207511987755,942,1.6057186783513175,0.01
15389,133,473,41621,0.1220964812750942,942,1.5991614915678043,0.01
15489,123,473,41530,0.12220358062133696,943,1.5926698766521263,0.01
15576,132,465,41442,0.1223548883561088,943,1.586243177885605,0.01
15682,129,446,41357,0.12253931124501678,944,1.579880746106749,0.01
15803,117,443,41251,0.12275164519570884,944,1.5735819386456815,0.01
15883,115,436,41180,0.12298002942496268,944,1.5673461192592246,0.01
15994,117,426,41076,0.12300781123378902,945,1.5611726580666323,0.01
16098,115,419,40981,0.12317339085478596,945,1.555060931485966,0.01
16201,115,414,40883,0.12336581751283428,945,1.5490103221711065,0.01
16305,116,418,40773,0.12349569378299137,946,1.5430202189493953,0.01
16397,116,405,40693,0.12364127507692749,947,1.5370900167599013,0.01
16511,110,404,40586,0.12371059355314792,947,1.5312191165923024,0.01
16600,110,397,40504,0.1238797059525721,947,1.5254069254263793,0.01
16702,115,381,40413,0.12405380919680632,947,1.5196528561721157,0.01
16809,105,383,40314,0.1242111041937195,947,1.5139563276103944,0.01
16900,103,381,40227,0.12434527563184604,947,1.5083167643342905,0.01
16985,102,378,40146,0.12450029416139405,947,1.5027335966909476,0.01
17094,97,368,40052,0.12457184117885782,947,1.4972062607240382,0.01
17203,95,367,39946,0.12465834195464301,947,1.4917341981167977,0.01
17323,99,361,39828,0.12482976645221569,947,1.4863168561356297,0.01
17453,100,346,39712,0.12502817755257395,947,1.4809536875742735,0.01
17570,90,343,39608,0.125135969548943,947,1.4756441506985307,0.01
17689,79,335,39507,0.12521689890098753,948,1.4703877091915454,0.01
17812,78,324,39396,0.12539885972954273,948,1.46518383209963,0.01
17910,80,314,39306,0.12560541944364875,948,1.4600319937786337,0.01
18029,78,305,39198,0.125768591648748,948,1.4549316738408473,0.01
18150,90,295,39075,0.12593033110791307,948,1.4498823571024388,0.01
18252,83,300,38975,0.1260458988774935,948,1.4448835335314145,0.01
18351,81,298,38880,0.12624846539138268,948,1.4399346981961003,0.01
18470,75,298,38767,0.12653298288909742,948,1.4350353512141394,0.01
18597,63,297,38652,0.12674504515388055,949,1.430184997701998,0.01
18694,60,294,38561,0.12691480181127718,949,1.425383147724978,0.01
18797,60,291,38461,0.12702327486748843,949,1.4206293162477284,0.01
18917,63,281,38347,0.12719456564604412,950,1.415923023085251,0.01
19014,65,275,38253,0.12726892452821378,951,1.4112637928543985,0.01
19122,61,279,38145,0.12746393067555603,951,1.4066511549258545,0.01
19230,64,282,38031,0.12767255118145904,951,1.4020846433765959,0.01
19331,63,271,37941,0.1278426021138777,952,1.3975637969428298,0.01
19436,58,262,37850,0.12791337803120723,952,1.3930881589734014,0.01
19544,51,259,37752,0.1280370169122162,952,1.3886572773836674,0.01
19670,48,253,37635,0.12825697008420484,952,1.3842707046098308,0.01
19776,49,252,37529,0.1283973543275796,952,1.3799279975637324,0.01
19877,49,248,37432,0.12854830495277167,952,1.375628717588095,0.01
19972,46,241,37347,0.1287354690604963,952,1.3713724304122141,0.01
20074,50,230,37252,0.12892299079722006,952,1.367158706108092,0.01
20183,46,229,37148,0.12903437822169558,952,1.362987119047011,0.01
20293,46,223,37044,0.12927201706699565,952,1.358857247856541,0.01
20389,48,209,36960,0.12941085513571635,952,1.3547686753779757,0.01
20526,41,203,36836,0.12959628794659148,952,1.350720988624196,0.01
20638,40,197,36731,0.12975866710258488,952,1.346713778737954,0.01
20737,45,192,36632,0.1299317042498874,952,1.3427466409505744,0.01
20845,39,196,36526,0.13003050581776338,952,1.3388191745410687,0.01
20952,44,192,36418,0.1301543481291211,952,1.334930982795658,0.01
21041,42,188,36335,0.13022820016249162,952,1.3310816729677013,0.01
21154,41,191,36220,0.13041943585153432,952,1.3272708562380242,0.01
21241,46,185,36134,0.1306211585527993,952,1.323498147675644,0.01
21360,43,182,36021,0.13075043408422632,952,1.3197631661988876,0.01
21447,43,169,35947,0.13083210819851007,952,1.3160655345368988,0.01
21545,43,164,35854,0.13092986005725818,952,1.3124048791915297,0.01
21636,46,156,35767,0.13102249509724093,953,1.3087808303996145,0.01
21732,47,149,35677,0.13118111642415023,953,1.3051930220956183,0.01
21831,45,151,35578,0.1312760366433962,953,1.3016410918746621,0.01
21937,44,147,35477,0.1314174631163592,953,1.2981246809559155,0.01
22035,48,144,35378,0.13158328708948547,953,1.2946434341463564,0.01
22142,39,148,35276,0.13173227258333364,953,1.2911969998048929,0.01
22250,39,145,35171,0.13193023974377108,953,1.287785029806844,0.01
22343,39,144,35079,0.13214273437948038,953,1.2844071795087757,0.01
22447,41,142,34975,0.13229179673633631,953,5.2059986931788185,0.01
22462,121,145,34877,0.1325150950768957,953,5.16343870624703,0.01
22483,199,160,34763,0.13266454398079455,953,5.12130431918456,0.01
22481,270,192,34662,0.13282778065873943,953,5.079591275992715,0.01
22457,353,218,34577,0.13299210237766504,953,5.038295363232788,0.01
22435,411,268,34491,0.1331430600817706,953,4.99741240960046,0.01
22394,472,330,34409,0.1332293209309824,953,4.956938285504456,0.01
22304,570,408,34323,0.133321973843355,953,4.916868902649411,0.01
22206,671,494,34234,0.13347833750648894,953,4.877200213622917,0.01
22085,793,589,34138,0.13361549718807264,953,4.8379282114866875,0.01
21861,982,696,34066,0.13373534480569071,953,4.79904892937182,0.01
21581,1124,868,34031,0.13385709217821076,954,4.7605584400781025,0.01
21220,1356,1047,33981,0.1340120086432512,954,4.7224528556773215,0.01
20835,1573,1243,33952,0.13411801490905914,955,4.684728327120548,0.01
20334,1866,1465,33937,0.13418339191107087,956,4.647381043849343,0.01
19803,2143,1710,33945,0.13431649894500275,957,4.610407233410849,0.01
19200,2456,1979,33966,0.13446223296464346,957,4.573803161076741,0.01
18546,2759,2295,34001,0.13461292247057188,957,4.676003757588143,0.01
17612,3137,2758,34094,0.134768096034762,957,4.638743720012261,0.01
16619,3475,3300,34207,0.1349051438160714,957,4.601856282812139,0.01
15481,3901,3827,34389,0.13506518087170172,960,4.565337719984018,0.01
14269,4288,4466,34575,0.13520438389651523,960,4.529184342784178,0.01
12979,4654,5135,34825,0.13528294557900117,965,4.493392499356336,0.01
11617,5038,5777,35155,0.13538042685095808,971,4.457958574362772,0.01
10337,5266,6466,35516,0.13550291064680164,973,4.422878988619145,0.01
9147,5419,7121,35896,0.13568155470100163,975,4.388150198732953,0.01
7924,5578,7718,36362,0.13584245012863042,976,4.3537686967456235,0.01
6840,5536,8358,36847,0.13600401223983172,977,4.319731009778168,0.01
5858,5384,8986,37349,0.13616627985851903,981,4.286033699680386,0.01
4996,5226,9493,37857,0.1363636598511174,986,4.252673362683582,0.01
4228,4952,9938,38451,0.1364716139091704,989,4.219646629056746,0.01
3566,4667,10302,39029,0.13658879912239705,994,4.186950162766179,0.01
3045,4291,10571,39653,0.1366921779050779,998,4.1545806611385165,0.01
2615,3927,10698,40315,0.13681160739979312,1003,4.122534854527132,0.01
2242,3621,10769,40918,0.13700215805235627,1008,4.09080950598186,0.01
1940,3309,10732,41562,0.13722079037019164,1015,4.0594014109220415,0.01
1704,2988,10636,42209,0.13735953992990396,1021,4.028307396812821,0.01
1557,2662,10518,42800,0.13748698192119113,1021,3.9975243228446926,0.01
1407,2381,10358,43387,0.1376437689193187,1025,3.967049079616246,0.01
1276,2154,10105,43991,0.13777416189244426,1032,3.9368785888200835,0.01
1220,1869,9839,44596,0.137975380888586,1034,3.9070098029318827,0.01
1133,1697,9589,45099,0.13805238160567812,1040,3.8774397049025637,0.01
1100,1522,9300,45593,0.1381574410116865,1043,3.848165307853538,0.01
1086,1391,8962,46073,0.138217541788553,1046,3.819183654775003,0.01
1061,1234,8691,46524,0.1383496321760698,1048,3.790491818227253,0.01
1091,1135,8344,46939,0.13843330191587847,1049,3.7620869000449804,0.01
1083,1041,8010,47371,0.13859967089033626,1053,3.7339660310445306,0.01
1099,932,7690,47783,0.13879551715171165,1054,3.7061263707340855,0.01
1136,880,7345,48139,0.138975252938654,1058,3.6785651070267447,0.01
1169,833,7001,48492,0.1391446460423478,1063,3.651279455956477,0.01
1198,795,6686,48814,0.1393098768496878,1065,3.6242666613969123,0.01
1214,755,6396,49124,0.1393909133584683,1069,3.5975239947829434,0.01
1251,744,6072,49417,0.13956135819139517,1074,3.5710487548351137,0.01
1276,729,5759,49720,0.13979356367562268,1074,3.5448382672867624,0.01
1356,681,5511,49934,0.13990060226474407,1076,3.5188898846138947,0.01
1431,637,5278,50135,0.14004699724446315,1077,3.4932009857677557,0.01
1500,607,5052,50322,0.1401631790737618,1077,3.467768975910078,0.01
1554,590,4845,50491,0.1402679819605568,1078,3.4425912861509773,0.01
1618,568,4652,50642,0.1404147707710391,1078,3.4176653732894677,0.01
1680,537,4464,50797,0.1406208125246525,1080,3.392988719556573,0.01
1733,500,4316,50928,0.14073140569089052,1081,3.368558832361007,0.01
1799,483,4120,51073,0.14088064367862463,1083,3.344373244037397,0.01
1872,489,3920,51194,0.14107382059404847,1083,3.320429511597023,0.01
1923,486,3752,51312,0.14126203545000424,1085,3.2967252164810525,0.01
1994,461,3637,51379,0.14142095786239733,1087,3.273257964316242,0.01
2085,461,3482,51441,0.14151182624518138,1089,3.2500253846730796,0.01
2174,438,3319,51536,0.14168735042721967,1091,3.2270251308263487,0.01
2287,413,3203,51563,0.14177856523259313,1092,3.204254879518085,0.01
2362,413,3057,51633,0.1420415307113316,1093,3.1817123307229043,0.01
2462,411,2925,51663,0.14215114759045927,1097,3.1593952074156753,0.01
2560,418,2813,51669,0.1423265017742346,1098,3.1373012553415185,0.01
2671,403,2721,51665,0.14251627504451295,1098,3.1154282427881035,0.01
2754,405,2620,51680,0.14276741493319015,1099,3.0937739603602226,0.01
2840,392,2532,51694,0.14289504785853682,1100,3.0723362207566205,0.01
2926,377,2425,51727,0.14309331277599038,1103,3.0511128585490543,0.01
3027,376,2320,51732,0.14319290218962974,1103,3.030101729963564,0.01
3132,378,2248,51697,0.1432790244017592,1103,3.0093007126639284,0.01
3209,376,2147,51722,0.14344849181746738,1104,2.9887077055372893,0.01
3311,351,2094,51696,0.1436733186192205,1106,2.9683206284819166,0.01
3362,361,2019,51710,0.14380387904497866,1106,2.9481374221970973,0.01
3467,351,1961,51672,0.14391870105986482,1107,2.9281560479751265,0.01
3589,336,1899,51626,0.14407286791785257,1108,2.9083744874953754,0.01
3718,316,1834,51582,0.14416128427568922,1108,2.888790742620422,0.01
3827,308,1793,51522,0.14432961468760244,1108,2.869402835194218,0.01
3932,318,1726,51474,0.14442625707153972,1108,4.582751314772234,0.01
3958,387,1681,51423,0.14459190469108482,1109,4.5464238016245115,0.01
3999,455,1638,51357,0.14481553877578263,1109,4.510459563608267,0.01
4031,506,1602,51310,0.14495598413345434,1109,4.474854967972184,0.01
4051,554,1606,51238,0.1451454459753542,1109,4.439606418292462,0.01
4038,633,1588,51189,0.14524742701697818,1110,4.404710354109538,0.01
4078,647,1610,51112,0.14540048938766348,1111,4.370163250568442,0.01
4083,673,1608,51082,0.14561627991456488,1112,4.335961618062758,0.01
4118,685,1622,51021,0.14578101784901262,1112,4.30210200188213,0.01
4139,713,1607,50987,0.14593832282510097,1112,4.268580981863308,0.01
4231,706,1618,50891,0.14619387025215155,1112,4.235395172044675,0.01
4258,751,1612,50824,0.14630200165601237,1113,4.202541220324228,0.01
4291,769,1626,50759,0.14644579323935422,1113,4.170015808120986,0.01
4297,799,1611,50737,0.14658167108648765,1114,4.1378156500397765,0.01
4333,785,1649,50676,0.14670198220058744,1115,4.105937493539379,0.01
4357,824,1620,50641,0.146803819561528,1116,4.074378118603986,0.01
4389,819,1657,50577,0.14696623876907292,1116,4.043134337417945,0.01
4418,828,1653,50542,0.14707677270101036,1117,4.012202994043766,0.01
4449,816,1664,50511,0.14722139901448977,1118,3.981580964103328,0.01
4483,796,1673,50488,0.1473652953361005,1118,3.9512651544622948,0.01
4516,795,1688,50440,0.14744138121123967,1119,3.921252502917672,0.01
4520,816,1682,50421,0.14758507208330668,1119,3.8915399778884954,0.01
4560,823,1699,50357,0.1477439378796677,1119,3.8621245781096105,0.01
4584,824,1704,50326,0.14785124907648234,1120,3.833003332328514,0.01
4648,800,1715,50275,0.14793924405074224,1120,3.804173299005229,0.01
4710,780,1767,50180,0.14804321254213468,1121,3.7756315660151767,0.01
4729,791,1789,50128,0.148181146034649,1121,3.747375250355025,0.01
4748,826,1792,50071,0.14832598972769037,1121,3.7194014978514747,0.01
4778,825,1811,50022,0.14847207399582685,1122,3.69170748287296,0.01
4834,803,1845,49954,0.14863715470783015,1122,3.6642904080442302,0.01
4843,830,1867,49895,0.14880437376398167,1123,3.6371475039637877,0.01
4866,851,1873,49844,0.14894731872168457,1124,3.61027602892415,0.01
4937,840,1871,49786,0.14908978873979536,1124,3.5836732686349086,0.01
4967,808,1905,49753,0.14927945367746925,1125,3.5573365359485596,0.01
5005,791,1913,49723,0.14941668477505465,1126,3.531263170589074,0.01
5027,787,1915,49703,0.14950131859996146,1126,3.505450538883183,0.01
5056,796,1914,49666,0.149653107087672,1126,3.4798960334943514,0.01
5083,808,1901,49640,0.1498784106309799,1126,3.4812353998932686,0.01
5121,792,1929,49590,0.15010137918951688,1126,3.4559230458943357,0.01
5186,762,1958,49525,0.15030782666317902,1127,3.4308638154353925,0.01
5210,753,1967,49501,0.15043914047786466,1127,3.4060551772810386,0.01
5253,769,1956,49451,0.15062415149633226,1129,3.3814946255082283,0.01
5293,777,1941,49417,0.1507355515388335,1130,3.357179679253146,0.01
5340,780,1946,49362,0.1508636568086293,1130,3.333107882460615,0.01
5390,793,1942,49301,0.15107126354968142,1132,3.3092768036360085,0.01
5471,782,1902,49270,0.15122463271534947,1133,3.2856840355996484,0.01
5522,785,1902,49215,0.1513634838605397,1134,3.262327195243652,0.01
5583,779,1889,49173,0.15151649564670025,1134,3.2392039232912153,0.01
5649,777,1902,49096,0.15166050526841793,1134,3.216311884058303,0.01
5688,768,1908,49057,0.15182086437322,1137,3.19364876521772,0.01
5771,768,1887,48995,0.15190445903301494,1137,3.1712122775655427,0.01
5815,776,1887,48942,0.15209201046342904,1138,3.149000154789887,0.01
5844,784,1891,48900,0.15224513632822262,1139,3.1270101532419883,0.01
5920,750,1897,48852,0.1524090990918873,1139,3.1052400517095684,0.01
5967,736,1905,48811,0.1524740189798506,1139,3.0836876511924727,0.01
6040,697,1897,48784,0.15265566334926442,1140,3.062350774680548,0.01
6121,690,1873,48734,0.15280342145616677,1140,3.041227266933743,0.01
6177,681,1863,48696,0.1529083262035159,1141,3.0203149942644054,0.01
6217,697,1858,48644,0.15299407483237326,1142,2.999611844321761,0.01
6284,699,1854,48579,0.15311396634099306,1142,2.9791157258785437,0.01
6327,703,1839,48547,0.15326291270207898,1142,2.9588245686197583,0.01
6404,694,1861,48455,0.1533815152265945,1144,2.938736322933561,0.01
6493,682,1854,48385,0.15353541501055026,1144,2.918848959704225,0.01
6567,680,1844,48320,0.15368624131861733,1147,2.8991604701071827,0.01
6623,689,1852,48245,0.15380343958148668,1149,2.879668865406111,0.01
6665,716,1836,48192,0.15395707995830546,1149,2.86037217675205,0.01
6708,700,1857,48144,0.15405934478225106,1149,2.8412684549845295,0.01
6800,686,1851,48071,0.15426403858902124,1150,2.822355770434684,0.01
6851,681,1841,48035,0.15441048011943206,1150,2.8036322127303372,0.01
6944,647,1852,47965,0.15452893971593593,1150,2.785095890603034,0.01
7018,644,1856,47889,0.15468191284212407,1151,2.7667449316970036,0.01
7089,630,1849,47839,0.15477163923872672,1151,2.7485774823800337,0.01
7151,624,1836,47796,0.15489077014363142,1151,2.7305917075562336,0.01
7218,648,1794,47745,0.15507351074131825,1153,2.7127857904806714,0.01
7297,651,1785,47671,0.15522501601835276,1154,2.6951579325758646,0.01
7384,619,1795,47606,0.15533884992382574,1154,2.6777063532501058,0.01
7459,620,1764,47560,0.15552470344486685,1155,2.6604292897176047,0.01
7544,616,1743,47500,0.1557142930900772,1155,2.6433249968204287,0.01
7632,594,1717,47458,0.15579760203910034,1157,2.6263917468522244,0.01
7703,603,1679,47415,0.1560087620597403,1158,2.6096278293837023,0.01
7813,606,1629,47351,0.15607035638128108,1159,2.593031551089865,0.01
7887,574,1650,47287,0.1562393622950104,1160,2.5766012355789667,0.01
7990,557,1627,47223,0.15638741891487395,1161,2.560335223223177,0.01
8088,541,1610,47157,0.15648826640068317,1162,2.5442318709909455,0.01
8171,526,1588,47110,0.1566757668866721,1163,2.528289552281036,0.01
8261,526,1542,47066,0.1568016261147618,1163,2.5125066567582257,0.01
8347,544,1514,46989,0.15687495855138808,1164,2.4968815901906436,0.01
8422,530,1510,46932,0.157056587538547,1164,2.4814127742887373,0.01
8540,517,1477,46860,0.15718588392560612,1164,2.46609864654585,0.01
8646,528,1461,46759,0.1573398622054876,1164,2.4509376600803914,0.01
8732,524,1461,46676,0.1574011574943576,1165,2.4359282834795875,0.01
8840,518,1456,46578,0.15750220737678552,1166,2.4210690006447915,0.01
8924,503,1464,46501,0.1575968741279295,1166,2.4063583106383435,0.01
9051,476,1449,46415,0.15776530882214934,1167,2.39179472753196,0.01
9137,457,1448,46349,0.15795725554985326,1167,2.3773767802566406,0.01
9248,441,1446,46256,0.15810857057547414,1167,2.363103012454074,0.01
9368,444,1422,46157,0.15827705515883383,1167,2.3489719823295334,0.01
9429,451,1409,46102,0.1584229663981091,1167,2.334982262506238,0.01
9520,433,1398,46039,0.1584982220138808,1168,2.321132439881176,0.01
9627,447,1382,45934,0.15864602596560345,1168,2.3074211154823643,0.01
9707,457,1349,45877,0.158899184044471,1168,2.2938469043275407,0.01
9815,450,1328,45794,0.1590302799687804,1171,2.280408435284265,0.01
9917,423,1334,45713,0.15917384496474887,1171,2.2671043509314224,0.01
9994,411,1331,45651,0.15934516551290356,1171,2.253933307422108,0.01
10105,416,1309,45555,0.15946812959906123,1173,2.240893974347887,0.01
10199,424,1292,45470,0.1595651853147458,1173,2.227985034604408,0.01
10271,441,1272,45400,0.15971080707488275,1174,2.215205184258364,0.01
10411,436,1271,45265,0.159853249256908,1175,5.522047986228369,0.01
10130,794,1305,45154,0.1600160801873728,1175,5.4763275063660855,0.01
9828,1066,1424,45065,0.16016780008430853,1175,5.431064231302424,0.01
9496,1330,1576,44979,0.1602708903923392,1177,5.3862535889894,0.01
9153,1534,1785,44908,0.16039617722124622,1178,5.3418910530995065,0.01
8792,1739,1994,44855,0.16058184953117546,1178,5.297972142568511,0.01
8402,1925,2232,44820,0.16078699121812437,1179,5.254492421142826,0.01
8008,2126,2466,44777,0.1609437443544556,1181,5.211447496931398,0.01
7513,2307,2786,44768,0.16107483010836893,1184,5.168833021962084,0.01
7040,2439,3111,44784,0.16116699368295517,1184,5.126644691742463,0.01
6573,2600,3387,44812,0.16135875036624225,1186,5.084878244825038,0.01
6061,2732,3661,44916,0.1614599967772764,1188,5.043529462376788,0.01
5558,2789,3985,45036,0.16160971969978472,1190,5.00259416775302,0.01
5080,2845,4273,45169,0.1617324345637308,1191,4.962068226075489,0.01
4671,2834,4595,45267,0.16188803223710674,1191,4.921947543814735,0.01
4252,2823,4852,45437,0.16201388358460445,1194,4.8822280683765875,0.01
3884,2742,5119,45619,0.16217327237894413,1194,4.868326283234516,0.01
3601,2643,5381,45736,0.1623654206722317,1197,4.829143020402172,0.01
3336,2524,5602,45898,0.16251491212673747,1198,4.79035159019815,0.01
3139,2415,5789,46016,0.16267193608710845,1199,4.751948074296169,0.01
2928,2319,5933,46177,0.16277013757198863,1201,4.713928593553208,0.01
2772,2182,6054,46347,0.16294022893975632,1203,4.676289307617676,0.01
2645,2103,6115,46490,0.1631001583000812,1205,4.639026414541499,0.01
2541,1996,6132,46680,0.16322610343448643,1209,4.602136150396084,0.01
2417,1893,6184,46853,0.16342478828749962,1211,4.565614788892123,0.01
2344,1836,6132,47033,0.1635680827753279,1213,4.529458641003202,0.01
2247,1753,6141,47198,0.1636826625476673,1219,4.49366405459317,0.01
2200,1623,6130,47385,0.16385958798964032,1220,4.458227414047238,0.01
2183,1577,6100,47477,0.16397306238846487,1221,4.423145139906766,0.01
2143,1481,6045,47665,0.16408381244118858,1224,4.388413688507699,0.01
2107,1442,5990,47795,0.16418213704166754,1224,4.354029551622622,0.01
2085,1403,5895,47949,0.16434211387644118,1226,4.319989256106396,0.01
2083,1365,5810,48069,0.16458887578754866,1231,4.2862893635453325,0.01
2073,1295,5721,48236,0.1647203986335749,1233,4.252926469909879,0.01
2079,1244,5651,48350,0.16483368881462035,1234,4.21989720521078,0.01
2105,1233,5512,48471,0.16496024330126785,1237,4.187198233158672,0.01
2131,1243,5397,48550,0.16511159701610392,1237,4.154826250827085,0.01
2194,1168,5304,48654,0.16518742167123435,1238,4.1227779883188145,0.01
2232,1110,5231,48745,0.1652755196807496,1240,4.091050208435626,0.01
2275,1094,5141,48806,0.1653404054850766,1242,4.05963970635127,0.01
2300,1089,5063,48861,0.1654762383895385,1245,4.028543309287757,0.01
2361,1043,4962,48946,0.1656110747702548,1246,3.9977578761948798,0.01
2444,1029,4864,48973,0.16574754799827915,1248,3.967280297432931,0.01
2491,957,4789,49072,0.16584607745628285,1249,3.9371074944586018,0.01
2552,978,4718,49059,0.16591489669641254,1251,3.9072364195140157,0.01
2594,963,4631,49118,0.16599636681976476,1252,3.8776640553188755,0.01
2656,943,4532,49175,0.16618332261705743,1252,3.848387414765687,0.01
2738,942,4460,49165,0.16634645119314165,1253,3.8194035406180302,0.01
2791,916,4422,49175,0.16647728472783127,1254,3.79070950521185,0.01
2822,918,4351,49212,0.16662959690785648,1255,3.762302410159731,0.01
2862,931,4262,49246,0.16676573112003,1257,3.7341793860581336,0.01
2940,900,4185,49274,0.16686106823886995,1259,3.7063375921975523,0.01
2986,888,4089,49336,0.1670489843937569,1259,3.6787742162755768,0.01
3066,881,3985,49367,0.16718375611789466,1259,3.651486474112821,0.01
3126,864,3920,49389,0.16732436778792578,1259,3.6244716093716924,0.01
3179,864,3864,49391,0.1674088690911431,1260,3.5977268932779753,0.01
3270,826,3806,49395,0.16756859858505874,1261,3.5712496243451954,0.01
3311,832,3729,49423,0.16770860665441495,1263,3.5450371281017437,0.01
3426,815,3665,49388,0.16782416846389983,1264,3.5190867568207262,0.01
3537,793,3604,49360,0.16794921309839378,1264,3.493395889252519,0.01
3623,811,3534,49324,0.16809767681501372,1266,3.4679619303599942,0.01
3693,801,3505,49291,0.1682045662616587,1268,3.442782311056394,0.01
3800,767,3460,49261,0.16838761617599265,1270,3.41785448794583,0.01
3871,765,3405,49246,0.16851928387479176,1271,3.393175943066372,0.01
3972,755,3343,49216,0.16865833410646644,1272,3.3687441836357084,0.01
4101,731,3261,49192,0.16880915213829192,1273,3.344556741799351,0.01
4176,753,3170,49184,0.16901121214937725,1275,3.3206111743813578,0.01
4246,775,3130,49129,0.16912002709573948,1278,3.2969050626375442,0.01
4335,782,3096,49066,0.1692326901975283,1279,3.2734360120111687,0.01
4414,755,3084,49025,0.16939271178331242,1280,3.2502016518910573,0.01
4509,741,3042,48985,0.1695173623527936,1281,3.2271996353721466,0.01
4575,749,3014,48938,0.16965461580425634,1282,3.204427639018425,0.01
4680,773,2964,48858,0.1698349649812726,1283,3.181883362628241,0.01
4763,772,2942,48797,0.17003582127474814,1284,3.1595645290019583,0.01
4804,784,2923,48763,0.1701665483137199,1284,3.137468883711939,0.01
4871,763,2915,48723,0.1702535556153455,1286,3.1155941948748196,0.01
4969,747,2916,48640,0.17035030329288692,1286,3.0939382529260713,0.01
5066,733,2878,48594,0.1705150968577761,1287,3.0724988703968106,0.01
5183,730,2827,48531,0.1706761856431505,1287,3.0512738816928424,0.01
5261,727,2797,48484,0.1707664858115551,1289,3.030261142875914,0.01
5346,766,2752,48405,0.1709813393270303,1289,3.009458531447155,0.01
5445,766,2730,48324,0.17122840744774723,1293,2.9888639461326836,0.01
5566,767,2695,48237,0.1713475595476531,1293,2.968475306671357,0.01
5680,771,2652,48162,0.1715662850168478,1293,2.9482905536046435,0.01
5800,740,2639,48085,0.1717159349607718,1294,2.9283076480685972,0.01
5916,726,2608,48013,0.17188420908438987,1295,2.908524571587911,0.01
6009,702,2619,47932,0.17193708556772566,1296,2.888939325872032,0.01
6107,699,2617,47837,0.17217415063722943,1298,2.869549932613312,0.01
6226,667,2625,47742,0.17228053406555566,1298,2.850354433287179,0.01
6335,682,2569,47674,0.17249805002660035,1298,2.831350888954307,0.01
6441,697,2529,47590,0.1726366520503555,1301,2.812537380064764,0.01
6507,709,2501,47539,0.1727880258096996,1302,2.7939120062641165,0.01
6578,699,2484,47492,0.17303520533745187,1305,2.7754728862014755,0.01
6698,683,2499,47373,0.17305589173562794,1305,2.7572181573394605,0.01
6788,682,2455,47328,0.17316662884042766,1305,2.739145975766066,0.01
6895,681,2449,47228,0.173299773799396,1305,2.7212545160084054,0.01
7014,672,2421,47146,0.17345156653783733,1305,2.7035419708483213,0.01
7124,654,2406,47069,0.17355324121951196,1305,2.686006551139838,0.01
7253,616,2398,46986,0.17371686137480355,1305,2.6686464856284395,0.01
7384,596,2395,46877,0.17390939464337982,1306,2.6514600207721553,0.01
7517,599,2370,46766,0.17403875345352174,1306,2.634445420564434,0.01
7622,591,2349,46690,0.17424159423838503,1306,2.6176009663587894,0.01
7712,606,2313,46621,0.1743333782211318,1306,2.6009249566952013,0.01
7849,594,2293,46516,0.17449606905473747,1306,2.584415707128249,0.01
7918,613,2281,46438,0.17466877130221825,1308,2.568071550056967,0.01
8028,617,2256,46348,0.17481270380882366,1309,2.551890834556397,0.01
8114,615,2228,46292,0.17496911705354398,1309,2.535871926210833,0.01
8201,616,2200,46232,0.17500067320162285,1309,2.520013206948725,0.01
8305,600,2170,46173,0.1751076652075181,1310,2.5043130748792377,0.01
8428,554,2152,46113,0.17517710786901816,1311,2.4887699441304454,0.01
8557,566,2155,45969,0.17529091283905235,1311,2.473382244689141,0.01
8680,576,2113,45878,0.17544622574378382,1311,2.4581484222422496,0.01
8783,560,2094,45810,0.17548935829430437,1311,2.443066938019827,0.01
8896,562,2072,45716,0.17564417954804556,1312,2.4281362686396286,0.01
9016,544,2060,45624,0.1757407133535016,1314,2.4133549059532324,0.01
9097,566,2047,45534,0.1759082958495924,1314,2.3987213568937,0.01
9231,550,2052,45410,0.17605000967529102,1315,2.384234143324763,0.01
9369,540,2035,45299,0.17628575383000689,1315,2.3698918018915154,0.01
9457,548,2022,45216,0.176472986980388,1315,2.3556928838726003,0.01
9544,554,2024,45121,0.1766388491778341,1315,2.3416359550338743,0.01
9673,548,2011,45010,0.17671794408833957,1316,2.3277195954835355,0.01
9760,553,2000,44929,0.1767666448213676,1316,2.3139423995287003,0.01
9876,515,2009,44842,0.17691731747798686,1316,2.3003029755334135,0.01
10009,512,2001,44720,0.17706739222471285,1316,2.286799945778079,0.01
10132,508,1984,44618,0.1772208839658528,1316,2.2734319463202985,0.01
10228,510,1982,44521,0.17729616215499003,1317,2.2601976268570954,0.01
10318,523,1961,44439,0.1774651565323798,1317,2.2470956505885242,0.01
10447,493,1962,44339,0.17759251629651485,1317,2.234124694082639,0.01
10529,494,1945,44273,0.17766753914535272,1317,2.2212834471418126,0.01
10675,506,1921,44138,0.17782854404435508,1318,2.2085706126703943,0.01
10812,483,1911,44032,0.17798912579657206,1320,2.1959849065436905,0.01
10942,487,1881,43928,0.17809230152413738,1320,2.1835250574782537,0.01
11054,497,1870,43816,0.1781458794991806,1321,2.171189806903471,0.01
11163,504,1831,43739,0.17827650095341846,1321,2.1589779088344363,0.01
11281,491,1829,43635,0.17843726441930619,1322,2.1468881297460918,0.01
11398,490,1807,43541,0.17856692082589265,1322,2.134919248448631,0.01
11526,493,1794,43421,0.17869424658493122,1324,2.1230700559641447,0.01
11646,488,1792,43308,0.17891064983228044,1324,2.1113393554045032,0.01
11766,488,1757,43223,0.17904380179352394,1324,2.0997259618504582,0.01
11869,495,1727,43142,0.17918083379464747,1325,2.0882287022319534,0.01
11988,477,1726,43042,0.17928920333755313,1325,2.076846415209634,0.01
12139,443,1732,42919,0.17948905235442603,1325,2.065577951057538,0.01
12257,441,1716,42818,0.17955987989580455,1326,2.0544221715469626,0.01
12378,421,1728,42704,0.1796904236575091,1327,2.043377949831493,0.01
12476,429,1690,42634,0.1797415504645573,1329,2.032444170333178,0.01
12602,428,1667,42532,0.1799120052515105,1329,2.0216197286298465,0.01
12703,418,1666,42441,0.18010349723734306,1330,2.010903531343548,0.01
12813,424,1645,42346,0.1801683749071317,1330,2.000294496030113,0.01
12905,427,1622,42270,0.180348461594628,1334,1.9897915510698116,0.01
13055,430,1602,42137,0.18045452421793728,1334,1.9793936355591135,0.01
13157,417,1609,42041,0.18061137766186586,1334,1.9690996992035223,0.01
13287,430,1600,41906,0.18072538078731992,1335,1.958908702211487,0.01
13407,447,1589,41780,0.1808120646295684,1335,1.9488196151893722,0.01
13538,424,1585,41676,0.1809954662654495,1335,1.9388314190374785,0.01
13633,454,1571,41564,0.1811380256197625,1336,1.9289431048471037,0.01
13743,458,1544,41477,0.18133110723318197,1336,1.9191536737986328,0.01
13883,462,1530,41347,0.18151415416936414,1336,1.9094621370606464,0.01
14023,414,1552,41232,0.1816315118107076,1337,1.89986751569004,0.01
14163,415,1508,41133,0.18175738978526354,1339,1.8903688405331396,0.01
14303,399,1503,41014,0.1818626448790028,1339,1.8809651521278081,0.01
14429,403,1506,40881,0.1820292451937734,1339,1.87165550060653,0.01
14580,391,1482,40765,0.18217544417642328,1340,1.8624389456004649,0.01
14707,391,1467,40650,0.18226066907589586,1343,1.8533145561444602,0.01
14812,399,1458,40545,0.18238895152988746,1344,1.8442814105830156,0.01
14916,404,1456,40438,0.1824805587914217,1344,1.8353385964771856,0.01
15052,384,1463,40314,0.18264017395686602,1345,1.8264852105124136,0.01
15187,380,1449,40196,0.18281509380794547,1346,1.8177203584072894,0.01
15309,385,1430,40088,0.18291386955831693,1346,1.8090431548232164,0.01
15458,397,1414,39943,0.1831281343986628,1346,1.8004527232749843,0.01
15592,398,1404,39818,0.183271203007092,1346,1.7919481960422345,0.01
15716,390,1380,39726,0.18339944436347033,1346,1.7835287140818121,0.01
15820,387,1373,39632,0.18351016049964372,1346,1.775193426940994,0.01
15955,384,1339,39533,0.1836264387750514,1347,1.766941492671584,0.01
16083,373,1331,39423,0.1836956286185729,1348,1.7587720777448683,0.01
16204,363,1328,39313,0.18380696963179058,1350,1.7506843569674195,0.01
16296,366,1305,39241,0.18399346212851767,1350,1.7426775133977452,0.01
16406,362,1315,39125,0.1841216407735935,1350,1.7347507382637677,0.01
16520,359,1294,39035,0.18424216622847014,1350,1.72690323088113,0.01
16679,326,1298,38905,0.18441093342815845,1350,1.7191341985723188,0.01
16798,341,1279,38790,0.1845463680470523,1350,1.7114428565865956,0.01
16941,325,1274,38668,0.18471311913842517,1350,1.7038284280207296,0.01
17064,321,1240,38581,0.1848250384295986,1352,1.6962901437405224,0.01
17197,320,1221,38468,0.1849100111650741,1352,1.6888272423031172,0.01
17332,318,1212,38344,0.185057312936006,1352,1.681438969880086,0.01
17442,325,1184,38254,0.1851033150240708,1353,1.6741245801812852,0.01
17557,280,1196,38172,0.18522588578766522,1353,1.6668833343794722,0.01
17669,286,1181,38069,0.18535072321189752,1353,1.6597145010356775,0.01
17829,294,1166,37916,0.1854701393538889,1353,1.6526173560253208,0.01
17948,309,1142,37805,0.185488104360333,1354,1.6455911824650675,0.01
18111,294,1134,37664,0.1855503956702639,1355,1.6386352706404168,0.01
18212,292,1124,37575,0.18562234448383175,1355,1.6317489179340126,0.01
18349,286,1121,37447,0.18576850218659713,1355,1.6249314287546723,0.01
18476,289,1098,37340,0.18595881235197145,1355,1.6181821144671256,0.01
